month_key,industry_key,ref_date,industry_display,is_rollup,employment_thousands,employment_mom_change_thousands,employment_yoy_change_thousands,employment_yoy_change_percent
202101,1,2021-01,Accommodation and food services,False,311.7,,,
202102,1,2021-02,Accommodation and food services,False,343.5,31.8,,
202103,1,2021-03,Accommodation and food services,False,348.9,5.4,,
202104,1,2021-04,Accommodation and food services,False,320.6,-28.3,,
202105,1,2021-05,Accommodation and food services,False,330.8,10.2,,
202106,1,2021-06,Accommodation and food services,False,339.5,8.7,,
202107,1,2021-07,Accommodation and food services,False,358.1,18.6,,
202108,1,2021-08,Accommodation and food services,False,408.2,50.1,,
202109,1,2021-09,Accommodation and food services,False,412.7,4.5,,
202110,1,2021-10,Accommodation and food services,False,414.6,1.9,,
202111,1,2021-11,Accommodation and food services,False,407.4,-7.2,,
202112,1,2021-12,Accommodation and food services,False,409.4,2.0,,
202201,1,2022-01,Accommodation and food services,False,331.4,-78.0,19.7,6.3
202202,1,2022-02,Accommodation and food services,False,395.9,64.5,52.4,15.3
202203,1,2022-03,Accommodation and food services,False,392.2,-3.7,43.3,12.4
202204,1,2022-04,Accommodation and food services,False,398.4,6.2,77.8,24.3
202205,1,2022-05,Accommodation and food services,False,399.7,1.3,68.9,20.8
202206,1,2022-06,Accommodation and food services,False,399.3,-0.4,59.8,17.6
202207,1,2022-07,Accommodation and food services,False,395.8,-3.5,37.7,10.5
202208,1,2022-08,Accommodation and food services,False,403.8,8.0,-4.4,-1.1
202209,1,2022-09,Accommodation and food services,False,399.4,-4.4,-13.3,-3.2
202210,1,2022-10,Accommodation and food services,False,408.4,9.0,-6.2,-1.5
202211,1,2022-11,Accommodation and food services,False,408.9,0.5,1.5,0.4
202212,1,2022-12,Accommodation and food services,False,420.1,11.2,10.7,2.6
202301,1,2023-01,Accommodation and food services,False,424.7,4.6,93.3,28.2
202302,1,2023-02,Accommodation and food services,False,427.2,2.5,31.3,7.9
202303,1,2023-03,Accommodation and food services,False,423.9,-3.3,31.7,8.1
202304,1,2023-04,Accommodation and food services,False,418.2,-5.7,19.8,5.0
202305,1,2023-05,Accommodation and food services,False,431.6,13.4,31.9,8.0
202306,1,2023-06,Accommodation and food services,False,427.0,-4.6,27.7,6.9
202307,1,2023-07,Accommodation and food services,False,429.1,2.1,33.3,8.4
202308,1,2023-08,Accommodation and food services,False,426.7,-2.4,22.9,5.7
202309,1,2023-09,Accommodation and food services,False,430.3,3.6,30.9,7.7
202310,1,2023-10,Accommodation and food services,False,421.1,-9.2,12.7,3.1
202311,1,2023-11,Accommodation and food services,False,426.5,5.4,17.6,4.3
202312,1,2023-12,Accommodation and food services,False,423.4,-3.1,3.3,0.8
202401,1,2024-01,Accommodation and food services,False,405.5,-17.9,-19.2,-4.5
202402,1,2024-02,Accommodation and food services,False,418.6,13.1,-8.6,-2.0
202403,1,2024-03,Accommodation and food services,False,402.5,-16.1,-21.4,-5.0
202404,1,2024-04,Accommodation and food services,False,415.3,12.8,-2.9,-0.7
202405,1,2024-05,Accommodation and food services,False,421.8,6.5,-9.8,-2.3
202406,1,2024-06,Accommodation and food services,False,425.1,3.3,-1.9,-0.4
202407,1,2024-07,Accommodation and food services,False,425.7,0.6,-3.4,-0.8
202408,1,2024-08,Accommodation and food services,False,423.6,-2.1,-3.1,-0.7
202409,1,2024-09,Accommodation and food services,False,424.5,0.9,-5.8,-1.3
202410,1,2024-10,Accommodation and food services,False,421.4,-3.1,0.3,0.1
202411,1,2024-11,Accommodation and food services,False,425.7,4.3,-0.8,-0.2
202412,1,2024-12,Accommodation and food services,False,427.7,2.0,4.3,1.0
202501,1,2025-01,Accommodation and food services,False,435.5,7.8,30.0,7.4
202502,1,2025-02,Accommodation and food services,False,438.8,3.3,20.2,4.8
202503,1,2025-03,Accommodation and food services,False,442.0,3.2,39.5,9.8
202504,1,2025-04,Accommodation and food services,False,438.6,-3.4,23.3,5.6
202505,1,2025-05,Accommodation and food services,False,432.1,-6.5,10.3,2.4
202506,1,2025-06,Accommodation and food services,False,435.7,3.6,10.6,2.5
202507,1,2025-07,Accommodation and food services,False,440.6,4.9,14.9,3.5
202508,1,2025-08,Accommodation and food services,False,438.9,-1.7,15.3,3.6
202509,1,2025-09,Accommodation and food services,False,440.6,1.7,16.1,3.8
202510,1,2025-10,Accommodation and food services,False,452.4,11.8,31.0,7.4
202511,1,2025-11,Accommodation and food services,False,438.6,-13.8,12.9,3.0
202512,1,2025-12,Accommodation and food services,False,434.6,-4.0,6.9,1.6
202601,1,2026-01,Accommodation and food services,False,438.6,4.0,3.1,0.7
202602,1,2026-02,Accommodation and food services,False,428.6,-10.0,-10.2,-2.3
202603,1,2026-03,Accommodation and food services,False,418.8,-9.8,-23.2,-5.2
202604,1,2026-04,Accommodation and food services,False,426.6,7.8,-12.0,-2.7
202101,2,2021-01,Agriculture,False,65.5,,,
202102,2,2021-02,Agriculture,False,64.7,-0.8,,
202103,2,2021-03,Agriculture,False,66.2,1.5,,
202104,2,2021-04,Agriculture,False,72.0,5.8,,
202105,2,2021-05,Agriculture,False,71.8,-0.2,,
202106,2,2021-06,Agriculture,False,69.5,-2.3,,
202107,2,2021-07,Agriculture,False,67.4,-2.1,,
202108,2,2021-08,Agriculture,False,67.8,0.4,,
202109,2,2021-09,Agriculture,False,60.3,-7.5,,
202110,2,2021-10,Agriculture,False,66.2,5.9,,
202111,2,2021-11,Agriculture,False,64.9,-1.3,,
202112,2,2021-12,Agriculture,False,62.6,-2.3,,
202201,2,2022-01,Agriculture,False,66.4,3.8,0.9,1.4
202202,2,2022-02,Agriculture,False,67.8,1.4,3.1,4.8
202203,2,2022-03,Agriculture,False,67.7,-0.1,1.5,2.3
202204,2,2022-04,Agriculture,False,70.9,3.2,-1.1,-1.5
202205,2,2022-05,Agriculture,False,73.0,2.1,1.2,1.7
202206,2,2022-06,Agriculture,False,73.6,0.6,4.1,5.9
202207,2,2022-07,Agriculture,False,72.7,-0.9,5.3,7.9
202208,2,2022-08,Agriculture,False,73.6,0.9,5.8,8.6
202209,2,2022-09,Agriculture,False,70.8,-2.8,10.5,17.4
202210,2,2022-10,Agriculture,False,72.6,1.8,6.4,9.7
202211,2,2022-11,Agriculture,False,75.3,2.7,10.4,16.0
202212,2,2022-12,Agriculture,False,81.6,6.3,19.0,30.4
202301,2,2023-01,Agriculture,False,77.8,-3.8,11.4,17.2
202302,2,2023-02,Agriculture,False,75.5,-2.3,7.7,11.4
202303,2,2023-03,Agriculture,False,78.8,3.3,11.1,16.4
202304,2,2023-04,Agriculture,False,76.1,-2.7,5.2,7.3
202305,2,2023-05,Agriculture,False,74.2,-1.9,1.2,1.6
202306,2,2023-06,Agriculture,False,73.8,-0.4,0.2,0.3
202307,2,2023-07,Agriculture,False,81.9,8.1,9.2,12.7
202308,2,2023-08,Agriculture,False,79.8,-2.1,6.2,8.4
202309,2,2023-09,Agriculture,False,80.6,0.8,9.8,13.8
202310,2,2023-10,Agriculture,False,79.7,-0.9,7.1,9.8
202311,2,2023-11,Agriculture,False,76.9,-2.8,1.6,2.1
202312,2,2023-12,Agriculture,False,72.0,-4.9,-9.6,-11.8
202401,2,2024-01,Agriculture,False,71.7,-0.3,-6.1,-7.8
202402,2,2024-02,Agriculture,False,71.8,0.1,-3.7,-4.9
202403,2,2024-03,Agriculture,False,70.2,-1.6,-8.6,-10.9
202404,2,2024-04,Agriculture,False,68.1,-2.1,-8.0,-10.5
202405,2,2024-05,Agriculture,False,73.5,5.4,-0.7,-0.9
202406,2,2024-06,Agriculture,False,73.6,0.1,-0.2,-0.3
202407,2,2024-07,Agriculture,False,72.2,-1.4,-9.7,-11.8
202408,2,2024-08,Agriculture,False,73.6,1.4,-6.2,-7.8
202409,2,2024-09,Agriculture,False,72.1,-1.5,-8.5,-10.5
202410,2,2024-10,Agriculture,False,72.6,0.5,-7.1,-8.9
202411,2,2024-11,Agriculture,False,69.1,-3.5,-7.8,-10.1
202412,2,2024-12,Agriculture,False,71.2,2.1,-0.8,-1.1
202501,2,2025-01,Agriculture,False,73.7,2.5,2.0,2.8
202502,2,2025-02,Agriculture,False,71.5,-2.2,-0.3,-0.4
202503,2,2025-03,Agriculture,False,67.9,-3.6,-2.3,-3.3
202504,2,2025-04,Agriculture,False,66.9,-1.0,-1.2,-1.8
202505,2,2025-05,Agriculture,False,62.5,-4.4,-11.0,-15.0
202506,2,2025-06,Agriculture,False,62.4,-0.1,-11.2,-15.2
202507,2,2025-07,Agriculture,False,59.3,-3.1,-12.9,-17.9
202508,2,2025-08,Agriculture,False,59.7,0.4,-13.9,-18.9
202509,2,2025-09,Agriculture,False,63.7,4.0,-8.4,-11.7
202510,2,2025-10,Agriculture,False,64.0,0.3,-8.6,-11.8
202511,2,2025-11,Agriculture,False,67.8,3.8,-1.3,-1.9
202512,2,2025-12,Agriculture,False,67.6,-0.2,-3.6,-5.1
202601,2,2026-01,Agriculture,False,69.3,1.7,-4.4,-6.0
202602,2,2026-02,Agriculture,False,67.3,-2.0,-4.2,-5.9
202603,2,2026-03,Agriculture,False,67.7,0.4,-0.2,-0.3
202604,2,2026-04,Agriculture,False,68.4,0.7,1.5,2.2
202101,3,2021-01,"Business, building and other support services",False,264.5,,,
202102,3,2021-02,"Business, building and other support services",False,266.1,1.6,,
202103,3,2021-03,"Business, building and other support services",False,268.1,2.0,,
202104,3,2021-04,"Business, building and other support services",False,271.6,3.5,,
202105,3,2021-05,"Business, building and other support services",False,278.0,6.4,,
202106,3,2021-06,"Business, building and other support services",False,273.7,-4.3,,
202107,3,2021-07,"Business, building and other support services",False,288.5,14.8,,
202108,3,2021-08,"Business, building and other support services",False,288.6,0.1,,
202109,3,2021-09,"Business, building and other support services",False,288.9,0.3,,
202110,3,2021-10,"Business, building and other support services",False,284.9,-4.0,,
202111,3,2021-11,"Business, building and other support services",False,288.6,3.7,,
202112,3,2021-12,"Business, building and other support services",False,290.9,2.3,,
202201,3,2022-01,"Business, building and other support services",False,280.5,-10.4,16.0,6.0
202202,3,2022-02,"Business, building and other support services",False,294.2,13.7,28.1,10.6
202203,3,2022-03,"Business, building and other support services",False,285.7,-8.5,17.6,6.6
202204,3,2022-04,"Business, building and other support services",False,276.2,-9.5,4.6,1.7
202205,3,2022-05,"Business, building and other support services",False,279.2,3.0,1.2,0.4
202206,3,2022-06,"Business, building and other support services",False,281.7,2.5,8.0,2.9
202207,3,2022-07,"Business, building and other support services",False,282.5,0.8,-6.0,-2.1
202208,3,2022-08,"Business, building and other support services",False,284.4,1.9,-4.2,-1.5
202209,3,2022-09,"Business, building and other support services",False,285.4,1.0,-3.5,-1.2
202210,3,2022-10,"Business, building and other support services",False,282.9,-2.5,-2.0,-0.7
202211,3,2022-11,"Business, building and other support services",False,277.2,-5.7,-11.4,-4.0
202212,3,2022-12,"Business, building and other support services",False,290.7,13.5,-0.2,-0.1
202301,3,2023-01,"Business, building and other support services",False,288.0,-2.7,7.5,2.7
202302,3,2023-02,"Business, building and other support services",False,280.9,-7.1,-13.3,-4.5
202303,3,2023-03,"Business, building and other support services",False,291.2,10.3,5.5,1.9
202304,3,2023-04,"Business, building and other support services",False,291.4,0.2,15.2,5.5
202305,3,2023-05,"Business, building and other support services",False,281.3,-10.1,2.1,0.8
202306,3,2023-06,"Business, building and other support services",False,284.0,2.7,2.3,0.8
202307,3,2023-07,"Business, building and other support services",False,285.6,1.6,3.1,1.1
202308,3,2023-08,"Business, building and other support services",False,278.6,-7.0,-5.8,-2.0
202309,3,2023-09,"Business, building and other support services",False,280.4,1.8,-5.0,-1.8
202310,3,2023-10,"Business, building and other support services",False,272.8,-7.6,-10.1,-3.6
202311,3,2023-11,"Business, building and other support services",False,284.4,11.6,7.2,2.6
202312,3,2023-12,"Business, building and other support services",False,276.4,-8.0,-14.3,-4.9
202401,3,2024-01,"Business, building and other support services",False,284.8,8.4,-3.2,-1.1
202402,3,2024-02,"Business, building and other support services",False,271.1,-13.7,-9.8,-3.5
202403,3,2024-03,"Business, building and other support services",False,279.6,8.5,-11.6,-4.0
202404,3,2024-04,"Business, building and other support services",False,284.6,5.0,-6.8,-2.3
202405,3,2024-05,"Business, building and other support services",False,288.9,4.3,7.6,2.7
202406,3,2024-06,"Business, building and other support services",False,289.2,0.3,5.2,1.8
202407,3,2024-07,"Business, building and other support services",False,293.1,3.9,7.5,2.6
202408,3,2024-08,"Business, building and other support services",False,293.6,0.5,15.0,5.4
202409,3,2024-09,"Business, building and other support services",False,287.5,-6.1,7.1,2.5
202410,3,2024-10,"Business, building and other support services",False,305.9,18.4,33.1,12.1
202411,3,2024-11,"Business, building and other support services",False,296.6,-9.3,12.2,4.3
202412,3,2024-12,"Business, building and other support services",False,303.7,7.1,27.3,9.9
202501,3,2025-01,"Business, building and other support services",False,295.2,-8.5,10.4,3.7
202502,3,2025-02,"Business, building and other support services",False,300.6,5.4,29.5,10.9
202503,3,2025-03,"Business, building and other support services",False,288.5,-12.1,8.9,3.2
202504,3,2025-04,"Business, building and other support services",False,277.9,-10.6,-6.7,-2.4
202505,3,2025-05,"Business, building and other support services",False,284.6,6.7,-4.3,-1.5
202506,3,2025-06,"Business, building and other support services",False,275.0,-9.6,-14.2,-4.9
202507,3,2025-07,"Business, building and other support services",False,261.1,-13.9,-32.0,-10.9
202508,3,2025-08,"Business, building and other support services",False,265.6,4.5,-28.0,-9.5
202509,3,2025-09,"Business, building and other support services",False,274.1,8.5,-13.4,-4.7
202510,3,2025-10,"Business, building and other support services",False,268.0,-6.1,-37.9,-12.4
202511,3,2025-11,"Business, building and other support services",False,273.8,5.8,-22.8,-7.7
202512,3,2025-12,"Business, building and other support services",False,270.9,-2.9,-32.8,-10.8
202601,3,2026-01,"Business, building and other support services",False,279.3,8.4,-15.9,-5.4
202602,3,2026-02,"Business, building and other support services",False,282.9,3.6,-17.7,-5.9
202603,3,2026-03,"Business, building and other support services",False,285.1,2.2,-3.4,-1.2
202604,3,2026-04,"Business, building and other support services",False,294.3,9.2,16.4,5.9
202101,4,2021-01,Construction,False,543.0,,,
202102,4,2021-02,Construction,False,538.0,-5.0,,
202103,4,2021-03,Construction,False,538.6,0.6,,
202104,4,2021-04,Construction,False,541.3,2.7,,
202105,4,2021-05,Construction,False,539.3,-2.0,,
202106,4,2021-06,Construction,False,541.3,2.0,,
202107,4,2021-07,Construction,False,536.1,-5.2,,
202108,4,2021-08,Construction,False,542.6,6.5,,
202109,4,2021-09,Construction,False,547.1,4.5,,
202110,4,2021-10,Construction,False,546.7,-0.4,,
202111,4,2021-11,Construction,False,560.0,13.3,,
202112,4,2021-12,Construction,False,552.1,-7.9,,
202201,4,2022-01,Construction,False,569.4,17.3,26.4,4.9
202202,4,2022-02,Construction,False,582.1,12.7,44.1,8.2
202203,4,2022-03,Construction,False,586.4,4.3,47.8,8.9
202204,4,2022-04,Construction,False,591.5,5.1,50.2,9.3
202205,4,2022-05,Construction,False,581.0,-10.5,41.7,7.7
202206,4,2022-06,Construction,False,588.2,7.2,46.9,8.7
202207,4,2022-07,Construction,False,593.9,5.7,57.8,10.8
202208,4,2022-08,Construction,False,590.5,-3.4,47.9,8.8
202209,4,2022-09,Construction,False,590.6,0.1,43.5,8.0
202210,4,2022-10,Construction,False,587.2,-3.4,40.5,7.4
202211,4,2022-11,Construction,False,591.8,4.6,31.8,5.7
202212,4,2022-12,Construction,False,604.8,13.0,52.7,9.5
202301,4,2023-01,Construction,False,602.0,-2.8,32.6,5.7
202302,4,2023-02,Construction,False,601.9,-0.1,19.8,3.4
202303,4,2023-03,Construction,False,606.6,4.7,20.2,3.4
202304,4,2023-04,Construction,False,610.4,3.8,18.9,3.2
202305,4,2023-05,Construction,False,614.6,4.2,33.6,5.8
202306,4,2023-06,Construction,False,612.4,-2.2,24.2,4.1
202307,4,2023-07,Construction,False,606.9,-5.5,13.0,2.2
202308,4,2023-08,Construction,False,610.3,3.4,19.8,3.4
202309,4,2023-09,Construction,False,604.0,-6.3,13.4,2.3
202310,4,2023-10,Construction,False,603.3,-0.7,16.1,2.7
202311,4,2023-11,Construction,False,604.6,1.3,12.8,2.2
202312,4,2023-12,Construction,False,590.0,-14.6,-14.8,-2.4
202401,4,2024-01,Construction,False,589.7,-0.3,-12.3,-2.0
202402,4,2024-02,Construction,False,586.5,-3.2,-15.4,-2.6
202403,4,2024-03,Construction,False,603.6,17.1,-3.0,-0.5
202404,4,2024-04,Construction,False,581.4,-22.2,-29.0,-4.8
202405,4,2024-05,Construction,False,580.5,-0.9,-34.1,-5.5
202406,4,2024-06,Construction,False,570.5,-10.0,-41.9,-6.8
202407,4,2024-07,Construction,False,566.6,-3.9,-40.3,-6.6
202408,4,2024-08,Construction,False,568.8,2.2,-41.5,-6.8
202409,4,2024-09,Construction,False,574.1,5.3,-29.9,-5.0
202410,4,2024-10,Construction,False,579.3,5.2,-24.0,-4.0
202411,4,2024-11,Construction,False,574.8,-4.5,-29.8,-4.9
202412,4,2024-12,Construction,False,580.9,6.1,-9.1,-1.5
202501,4,2025-01,Construction,False,583.1,2.2,-6.6,-1.1
202502,4,2025-02,Construction,False,584.1,1.0,-2.4,-0.4
202503,4,2025-03,Construction,False,578.8,-5.3,-24.8,-4.1
202504,4,2025-04,Construction,False,576.1,-2.7,-5.3,-0.9
202505,4,2025-05,Construction,False,569.2,-6.9,-11.3,-1.9
202506,4,2025-06,Construction,False,581.7,12.5,11.2,2.0
202507,4,2025-07,Construction,False,581.1,-0.6,14.5,2.6
202508,4,2025-08,Construction,False,579.4,-1.7,10.6,1.9
202509,4,2025-09,Construction,False,573.4,-6.0,-0.7,-0.1
202510,4,2025-10,Construction,False,571.0,-2.4,-8.3,-1.4
202511,4,2025-11,Construction,False,572.8,1.8,-2.0,-0.3
202512,4,2025-12,Construction,False,572.4,-0.4,-8.5,-1.5
202601,4,2026-01,Construction,False,572.3,-0.1,-10.8,-1.9
202602,4,2026-02,Construction,False,573.9,1.6,-10.2,-1.7
202603,4,2026-03,Construction,False,573.3,-0.6,-5.5,-1.0
202604,4,2026-04,Construction,False,568.8,-4.5,-7.3,-1.3
202101,5,2021-01,Educational services,False,530.7,,,
202102,5,2021-02,Educational services,False,550.8,20.1,,
202103,5,2021-03,Educational services,False,576.9,26.1,,
202104,5,2021-04,Educational services,False,525.0,-51.9,,
202105,5,2021-05,Educational services,False,533.1,8.1,,
202106,5,2021-06,Educational services,False,538.8,5.7,,
202107,5,2021-07,Educational services,False,558.6,19.8,,
202108,5,2021-08,Educational services,False,568.4,9.8,,
202109,5,2021-09,Educational services,False,570.5,2.1,,
202110,5,2021-10,Educational services,False,558.8,-11.7,,
202111,5,2021-11,Educational services,False,560.7,1.9,,
202112,5,2021-12,Educational services,False,571.2,10.5,,
202201,5,2022-01,Educational services,False,563.6,-7.6,32.9,6.2
202202,5,2022-02,Educational services,False,564.6,1.0,13.8,2.5
202203,5,2022-03,Educational services,False,567.8,3.2,-9.1,-1.6
202204,5,2022-04,Educational services,False,577.3,9.5,52.3,10.0
202205,5,2022-05,Educational services,False,586.1,8.8,53.0,9.9
202206,5,2022-06,Educational services,False,586.8,0.7,48.0,8.9
202207,5,2022-07,Educational services,False,571.0,-15.8,12.4,2.2
202208,5,2022-08,Educational services,False,556.2,-14.8,-12.2,-2.1
202209,5,2022-09,Educational services,False,565.5,9.3,-5.0,-0.9
202210,5,2022-10,Educational services,False,575.3,9.8,16.5,3.0
202211,5,2022-11,Educational services,False,577.0,1.7,16.3,2.9
202212,5,2022-12,Educational services,False,568.6,-8.4,-2.6,-0.5
202301,5,2023-01,Educational services,False,566.3,-2.3,2.7,0.5
202302,5,2023-02,Educational services,False,573.7,7.4,9.1,1.6
202303,5,2023-03,Educational services,False,572.3,-1.4,4.5,0.8
202304,5,2023-04,Educational services,False,577.7,5.4,0.4,0.1
202305,5,2023-05,Educational services,False,580.1,2.4,-6.0,-1.0
202306,5,2023-06,Educational services,False,576.6,-3.5,-10.2,-1.7
202307,5,2023-07,Educational services,False,591.2,14.6,20.2,3.5
202308,5,2023-08,Educational services,False,572.7,-18.5,16.5,3.0
202309,5,2023-09,Educational services,False,585.6,12.9,20.1,3.6
202310,5,2023-10,Educational services,False,593.9,8.3,18.6,3.2
202311,5,2023-11,Educational services,False,591.5,-2.4,14.5,2.5
202312,5,2023-12,Educational services,False,591.3,-0.2,22.7,4.0
202401,5,2024-01,Educational services,False,602.8,11.5,36.5,6.4
202402,5,2024-02,Educational services,False,597.3,-5.5,23.6,4.1
202403,5,2024-03,Educational services,False,604.2,6.9,31.9,5.6
202404,5,2024-04,Educational services,False,600.9,-3.3,23.2,4.0
202405,5,2024-05,Educational services,False,594.5,-6.4,14.4,2.5
202406,5,2024-06,Educational services,False,597.9,3.4,21.3,3.7
202407,5,2024-07,Educational services,False,587.8,-10.1,-3.4,-0.6
202408,5,2024-08,Educational services,False,607.0,19.2,34.3,6.0
202409,5,2024-09,Educational services,False,609.0,2.0,23.4,4.0
202410,5,2024-10,Educational services,False,604.2,-4.8,10.3,1.7
202411,5,2024-11,Educational services,False,617.4,13.2,25.9,4.4
202412,5,2024-12,Educational services,False,622.3,4.9,31.0,5.2
202501,5,2025-01,Educational services,False,618.1,-4.2,15.3,2.5
202502,5,2025-02,Educational services,False,614.3,-3.8,17.0,2.8
202503,5,2025-03,Educational services,False,610.8,-3.5,6.6,1.1
202504,5,2025-04,Educational services,False,611.8,1.0,10.9,1.8
202505,5,2025-05,Educational services,False,606.4,-5.4,11.9,2.0
202506,5,2025-06,Educational services,False,606.2,-0.2,8.3,1.4
202507,5,2025-07,Educational services,False,612.9,6.7,25.1,4.3
202508,5,2025-08,Educational services,False,595.4,-17.5,-11.6,-1.9
202509,5,2025-09,Educational services,False,591.2,-4.2,-17.8,-2.9
202510,5,2025-10,Educational services,False,590.3,-0.9,-13.9,-2.3
202511,5,2025-11,Educational services,False,581.9,-8.4,-35.5,-5.7
202512,5,2025-12,Educational services,False,581.8,-0.1,-40.5,-6.5
202601,5,2026-01,Educational services,False,577.2,-4.6,-40.9,-6.6
202602,5,2026-02,Educational services,False,582.6,5.4,-31.7,-5.2
202603,5,2026-03,Educational services,False,572.1,-10.5,-38.7,-6.3
202604,5,2026-04,Educational services,False,578.9,6.8,-32.9,-5.4
202101,6,2021-01,"Finance, insurance, real estate, rental and leasing",False,634.1,,,
202102,6,2021-02,"Finance, insurance, real estate, rental and leasing",False,631.2,-2.9,,
202103,6,2021-03,"Finance, insurance, real estate, rental and leasing",False,622.8,-8.4,,
202104,6,2021-04,"Finance, insurance, real estate, rental and leasing",False,640.7,17.9,,
202105,6,2021-05,"Finance, insurance, real estate, rental and leasing",False,627.7,-13.0,,
202106,6,2021-06,"Finance, insurance, real estate, rental and leasing",False,619.2,-8.5,,
202107,6,2021-07,"Finance, insurance, real estate, rental and leasing",False,631.2,12.0,,
202108,6,2021-08,"Finance, insurance, real estate, rental and leasing",False,618.7,-12.5,,
202109,6,2021-09,"Finance, insurance, real estate, rental and leasing",False,630.1,11.4,,
202110,6,2021-10,"Finance, insurance, real estate, rental and leasing",False,632.2,2.1,,
202111,6,2021-11,"Finance, insurance, real estate, rental and leasing",False,623.8,-8.4,,
202112,6,2021-12,"Finance, insurance, real estate, rental and leasing",False,643.0,19.2,,
202201,6,2022-01,"Finance, insurance, real estate, rental and leasing",False,648.8,5.8,14.7,2.3
202202,6,2022-02,"Finance, insurance, real estate, rental and leasing",False,656.3,7.5,25.1,4.0
202203,6,2022-03,"Finance, insurance, real estate, rental and leasing",False,654.5,-1.8,31.7,5.1
202204,6,2022-04,"Finance, insurance, real estate, rental and leasing",False,654.5,0.0,13.8,2.2
202205,6,2022-05,"Finance, insurance, real estate, rental and leasing",False,659.2,4.7,31.5,5.0
202206,6,2022-06,"Finance, insurance, real estate, rental and leasing",False,665.9,6.7,46.7,7.5
202207,6,2022-07,"Finance, insurance, real estate, rental and leasing",False,680.8,14.9,49.6,7.9
202208,6,2022-08,"Finance, insurance, real estate, rental and leasing",False,680.6,-0.2,61.9,10.0
202209,6,2022-09,"Finance, insurance, real estate, rental and leasing",False,676.2,-4.4,46.1,7.3
202210,6,2022-10,"Finance, insurance, real estate, rental and leasing",False,684.3,8.1,52.1,8.2
202211,6,2022-11,"Finance, insurance, real estate, rental and leasing",False,696.3,12.0,72.5,11.6
202212,6,2022-12,"Finance, insurance, real estate, rental and leasing",False,695.5,-0.8,52.5,8.2
202301,6,2023-01,"Finance, insurance, real estate, rental and leasing",False,683.6,-11.9,34.8,5.4
202302,6,2023-02,"Finance, insurance, real estate, rental and leasing",False,685.6,2.0,29.3,4.5
202303,6,2023-03,"Finance, insurance, real estate, rental and leasing",False,695.2,9.6,40.7,6.2
202304,6,2023-04,"Finance, insurance, real estate, rental and leasing",False,690.0,-5.2,35.5,5.4
202305,6,2023-05,"Finance, insurance, real estate, rental and leasing",False,681.9,-8.1,22.7,3.4
202306,6,2023-06,"Finance, insurance, real estate, rental and leasing",False,687.1,5.2,21.2,3.2
202307,6,2023-07,"Finance, insurance, real estate, rental and leasing",False,680.5,-6.6,-0.3,-0.0
202308,6,2023-08,"Finance, insurance, real estate, rental and leasing",False,681.5,1.0,0.9,0.1
202309,6,2023-09,"Finance, insurance, real estate, rental and leasing",False,671.0,-10.5,-5.2,-0.8
202310,6,2023-10,"Finance, insurance, real estate, rental and leasing",False,668.4,-2.6,-15.9,-2.3
202311,6,2023-11,"Finance, insurance, real estate, rental and leasing",False,664.6,-3.8,-31.7,-4.6
202312,6,2023-12,"Finance, insurance, real estate, rental and leasing",False,670.5,5.9,-25.0,-3.6
202401,6,2024-01,"Finance, insurance, real estate, rental and leasing",False,690.6,20.1,7.0,1.0
202402,6,2024-02,"Finance, insurance, real estate, rental and leasing",False,685.6,-5.0,0.0,0.0
202403,6,2024-03,"Finance, insurance, real estate, rental and leasing",False,690.4,4.8,-4.8,-0.7
202404,6,2024-04,"Finance, insurance, real estate, rental and leasing",False,685.9,-4.5,-4.1,-0.6
202405,6,2024-05,"Finance, insurance, real estate, rental and leasing",False,701.2,15.3,19.3,2.8
202406,6,2024-06,"Finance, insurance, real estate, rental and leasing",False,709.7,8.5,22.6,3.3
202407,6,2024-07,"Finance, insurance, real estate, rental and leasing",False,713.3,3.6,32.8,4.8
202408,6,2024-08,"Finance, insurance, real estate, rental and leasing",False,714.6,1.3,33.1,4.9
202409,6,2024-09,"Finance, insurance, real estate, rental and leasing",False,719.7,5.1,48.7,7.3
202410,6,2024-10,"Finance, insurance, real estate, rental and leasing",False,710.9,-8.8,42.5,6.4
202411,6,2024-11,"Finance, insurance, real estate, rental and leasing",False,705.4,-5.5,40.8,6.1
202412,6,2024-12,"Finance, insurance, real estate, rental and leasing",False,711.3,5.9,40.8,6.1
202501,6,2025-01,"Finance, insurance, real estate, rental and leasing",False,702.1,-9.2,11.5,1.7
202502,6,2025-02,"Finance, insurance, real estate, rental and leasing",False,712.6,10.5,27.0,3.9
202503,6,2025-03,"Finance, insurance, real estate, rental and leasing",False,706.8,-5.8,16.4,2.4
202504,6,2025-04,"Finance, insurance, real estate, rental and leasing",False,725.9,19.1,40.0,5.8
202505,6,2025-05,"Finance, insurance, real estate, rental and leasing",False,732.6,6.7,31.4,4.5
202506,6,2025-06,"Finance, insurance, real estate, rental and leasing",False,722.2,-10.4,12.5,1.8
202507,6,2025-07,"Finance, insurance, real estate, rental and leasing",False,723.4,1.2,10.1,1.4
202508,6,2025-08,"Finance, insurance, real estate, rental and leasing",False,718.0,-5.4,3.4,0.5
202509,6,2025-09,"Finance, insurance, real estate, rental and leasing",False,722.8,4.8,3.1,0.4
202510,6,2025-10,"Finance, insurance, real estate, rental and leasing",False,715.3,-7.5,4.4,0.6
202511,6,2025-11,"Finance, insurance, real estate, rental and leasing",False,714.7,-0.6,9.3,1.3
202512,6,2025-12,"Finance, insurance, real estate, rental and leasing",False,711.3,-3.4,0.0,0.0
202601,6,2026-01,"Finance, insurance, real estate, rental and leasing",False,708.1,-3.2,6.0,0.9
202602,6,2026-02,"Finance, insurance, real estate, rental and leasing",False,713.4,5.3,0.8,0.1
202603,6,2026-03,"Finance, insurance, real estate, rental and leasing",False,720.0,6.6,13.2,1.9
202604,6,2026-04,"Finance, insurance, real estate, rental and leasing",False,731.4,11.4,5.5,0.8
202101,7,2021-01,"Forestry, fishing, mining, quarrying, oil and gas",False,33.7,,,
202102,7,2021-02,"Forestry, fishing, mining, quarrying, oil and gas",False,33.5,-0.2,,
202103,7,2021-03,"Forestry, fishing, mining, quarrying, oil and gas",False,33.4,-0.1,,
202104,7,2021-04,"Forestry, fishing, mining, quarrying, oil and gas",False,33.8,0.4,,
202105,7,2021-05,"Forestry, fishing, mining, quarrying, oil and gas",False,33.6,-0.2,,
202106,7,2021-06,"Forestry, fishing, mining, quarrying, oil and gas",False,34.7,1.1,,
202107,7,2021-07,"Forestry, fishing, mining, quarrying, oil and gas",False,36.2,1.5,,
202108,7,2021-08,"Forestry, fishing, mining, quarrying, oil and gas",False,35.9,-0.3,,
202109,7,2021-09,"Forestry, fishing, mining, quarrying, oil and gas",False,36.1,0.2,,
202110,7,2021-10,"Forestry, fishing, mining, quarrying, oil and gas",False,38.8,2.7,,
202111,7,2021-11,"Forestry, fishing, mining, quarrying, oil and gas",False,37.2,-1.6,,
202112,7,2021-12,"Forestry, fishing, mining, quarrying, oil and gas",False,38.9,1.7,,
202201,7,2022-01,"Forestry, fishing, mining, quarrying, oil and gas",False,38.5,-0.4,4.8,14.2
202202,7,2022-02,"Forestry, fishing, mining, quarrying, oil and gas",False,39.1,0.6,5.6,16.7
202203,7,2022-03,"Forestry, fishing, mining, quarrying, oil and gas",False,41.8,2.7,8.4,25.1
202204,7,2022-04,"Forestry, fishing, mining, quarrying, oil and gas",False,39.7,-2.1,5.9,17.5
202205,7,2022-05,"Forestry, fishing, mining, quarrying, oil and gas",False,37.8,-1.9,4.2,12.5
202206,7,2022-06,"Forestry, fishing, mining, quarrying, oil and gas",False,37.7,-0.1,3.0,8.6
202207,7,2022-07,"Forestry, fishing, mining, quarrying, oil and gas",False,37.6,-0.1,1.4,3.9
202208,7,2022-08,"Forestry, fishing, mining, quarrying, oil and gas",False,38.1,0.5,2.2,6.1
202209,7,2022-09,"Forestry, fishing, mining, quarrying, oil and gas",False,39.6,1.5,3.5,9.7
202210,7,2022-10,"Forestry, fishing, mining, quarrying, oil and gas",False,41.7,2.1,2.9,7.5
202211,7,2022-11,"Forestry, fishing, mining, quarrying, oil and gas",False,40.4,-1.3,3.2,8.6
202212,7,2022-12,"Forestry, fishing, mining, quarrying, oil and gas",False,41.2,0.8,2.3,5.9
202301,7,2023-01,"Forestry, fishing, mining, quarrying, oil and gas",False,43.6,2.4,5.1,13.2
202302,7,2023-02,"Forestry, fishing, mining, quarrying, oil and gas",False,42.6,-1.0,3.5,9.0
202303,7,2023-03,"Forestry, fishing, mining, quarrying, oil and gas",False,43.5,0.9,1.7,4.1
202304,7,2023-04,"Forestry, fishing, mining, quarrying, oil and gas",False,45.0,1.5,5.3,13.4
202305,7,2023-05,"Forestry, fishing, mining, quarrying, oil and gas",False,45.9,0.9,8.1,21.4
202306,7,2023-06,"Forestry, fishing, mining, quarrying, oil and gas",False,46.0,0.1,8.3,22.0
202307,7,2023-07,"Forestry, fishing, mining, quarrying, oil and gas",False,42.7,-3.3,5.1,13.6
202308,7,2023-08,"Forestry, fishing, mining, quarrying, oil and gas",False,43.7,1.0,5.6,14.7
202309,7,2023-09,"Forestry, fishing, mining, quarrying, oil and gas",False,43.3,-0.4,3.7,9.3
202310,7,2023-10,"Forestry, fishing, mining, quarrying, oil and gas",False,40.6,-2.7,-1.1,-2.6
202311,7,2023-11,"Forestry, fishing, mining, quarrying, oil and gas",False,42.4,1.8,2.0,5.0
202312,7,2023-12,"Forestry, fishing, mining, quarrying, oil and gas",False,42.5,0.1,1.3,3.2
202401,7,2024-01,"Forestry, fishing, mining, quarrying, oil and gas",False,41.3,-1.2,-2.3,-5.3
202402,7,2024-02,"Forestry, fishing, mining, quarrying, oil and gas",False,41.7,0.4,-0.9,-2.1
202403,7,2024-03,"Forestry, fishing, mining, quarrying, oil and gas",False,41.4,-0.3,-2.1,-4.8
202404,7,2024-04,"Forestry, fishing, mining, quarrying, oil and gas",False,41.1,-0.3,-3.9,-8.7
202405,7,2024-05,"Forestry, fishing, mining, quarrying, oil and gas",False,40.6,-0.5,-5.3,-11.5
202406,7,2024-06,"Forestry, fishing, mining, quarrying, oil and gas",False,43.0,2.4,-3.0,-6.5
202407,7,2024-07,"Forestry, fishing, mining, quarrying, oil and gas",False,44.3,1.3,1.6,3.7
202408,7,2024-08,"Forestry, fishing, mining, quarrying, oil and gas",False,44.7,0.4,1.0,2.3
202409,7,2024-09,"Forestry, fishing, mining, quarrying, oil and gas",False,42.0,-2.7,-1.3,-3.0
202410,7,2024-10,"Forestry, fishing, mining, quarrying, oil and gas",False,43.9,1.9,3.3,8.1
202411,7,2024-11,"Forestry, fishing, mining, quarrying, oil and gas",False,46.3,2.4,3.9,9.2
202412,7,2024-12,"Forestry, fishing, mining, quarrying, oil and gas",False,44.6,-1.7,2.1,4.9
202501,7,2025-01,"Forestry, fishing, mining, quarrying, oil and gas",False,44.6,0.0,3.3,8.0
202502,7,2025-02,"Forestry, fishing, mining, quarrying, oil and gas",False,44.3,-0.3,2.6,6.2
202503,7,2025-03,"Forestry, fishing, mining, quarrying, oil and gas",False,44.8,0.5,3.4,8.2
202504,7,2025-04,"Forestry, fishing, mining, quarrying, oil and gas",False,44.8,0.0,3.7,9.0
202505,7,2025-05,"Forestry, fishing, mining, quarrying, oil and gas",False,44.9,0.1,4.3,10.6
202506,7,2025-06,"Forestry, fishing, mining, quarrying, oil and gas",False,42.6,-2.3,-0.4,-0.9
202507,7,2025-07,"Forestry, fishing, mining, quarrying, oil and gas",False,44.0,1.4,-0.3,-0.7
202508,7,2025-08,"Forestry, fishing, mining, quarrying, oil and gas",False,42.9,-1.1,-1.8,-4.0
202509,7,2025-09,"Forestry, fishing, mining, quarrying, oil and gas",False,44.7,1.8,2.7,6.4
202510,7,2025-10,"Forestry, fishing, mining, quarrying, oil and gas",False,44.2,-0.5,0.3,0.7
202511,7,2025-11,"Forestry, fishing, mining, quarrying, oil and gas",False,45.5,1.3,-0.8,-1.7
202512,7,2025-12,"Forestry, fishing, mining, quarrying, oil and gas",False,43.9,-1.6,-0.7,-1.6
202601,7,2026-01,"Forestry, fishing, mining, quarrying, oil and gas",False,47.6,3.7,3.0,6.7
202602,7,2026-02,"Forestry, fishing, mining, quarrying, oil and gas",False,47.0,-0.6,2.7,6.1
202603,7,2026-03,"Forestry, fishing, mining, quarrying, oil and gas",False,49.0,2.0,4.2,9.4
202604,7,2026-04,"Forestry, fishing, mining, quarrying, oil and gas",False,48.2,-0.8,3.4,7.6
202101,17,2021-01,Goods-producing sector,True,1486.6,,,
202102,17,2021-02,Goods-producing sector,True,1490.2,3.6,,
202103,17,2021-03,Goods-producing sector,True,1486.5,-3.7,,
202104,17,2021-04,Goods-producing sector,True,1476.6,-9.9,,
202105,17,2021-05,Goods-producing sector,True,1456.1,-20.5,,
202106,17,2021-06,Goods-producing sector,True,1465.3,9.2,,
202107,17,2021-07,Goods-producing sector,True,1468.1,2.8,,
202108,17,2021-08,Goods-producing sector,True,1474.3,6.2,,
202109,17,2021-09,Goods-producing sector,True,1465.9,-8.4,,
202110,17,2021-10,Goods-producing sector,True,1493.4,27.5,,
202111,17,2021-11,Goods-producing sector,True,1499.0,5.6,,
202112,17,2021-12,Goods-producing sector,True,1512.9,13.9,,
202201,17,2022-01,Goods-producing sector,True,1511.2,-1.7,24.6,1.7
202202,17,2022-02,Goods-producing sector,True,1531.1,19.9,40.9,2.7
202203,17,2022-03,Goods-producing sector,True,1545.6,14.5,59.1,4.0
202204,17,2022-04,Goods-producing sector,True,1558.4,12.8,81.8,5.5
202205,17,2022-05,Goods-producing sector,True,1543.7,-14.7,87.6,6.0
202206,17,2022-06,Goods-producing sector,True,1554.9,11.2,89.6,6.1
202207,17,2022-07,Goods-producing sector,True,1567.5,12.6,99.4,6.8
202208,17,2022-08,Goods-producing sector,True,1567.4,-0.1,93.1,6.3
202209,17,2022-09,Goods-producing sector,True,1565.1,-2.3,99.2,6.8
202210,17,2022-10,Goods-producing sector,True,1579.4,14.3,86.0,5.8
202211,17,2022-11,Goods-producing sector,True,1583.0,3.6,84.0,5.6
202212,17,2022-12,Goods-producing sector,True,1596.3,13.3,83.4,5.5
202301,17,2023-01,Goods-producing sector,True,1600.1,3.8,88.9,5.9
202302,17,2023-02,Goods-producing sector,True,1599.6,-0.5,68.5,4.5
202303,17,2023-03,Goods-producing sector,True,1598.2,-1.4,52.6,3.4
202304,17,2023-04,Goods-producing sector,True,1607.3,9.1,48.9,3.1
202305,17,2023-05,Goods-producing sector,True,1639.6,32.3,95.9,6.2
202306,17,2023-06,Goods-producing sector,True,1632.7,-6.9,77.8,5.0
202307,17,2023-07,Goods-producing sector,True,1638.2,5.5,70.7,4.5
202308,17,2023-08,Goods-producing sector,True,1637.1,-1.1,69.7,4.4
202309,17,2023-09,Goods-producing sector,True,1629.0,-8.1,63.9,4.1
202310,17,2023-10,Goods-producing sector,True,1620.2,-8.8,40.8,2.6
202311,17,2023-11,Goods-producing sector,True,1626.0,5.8,43.0,2.7
202312,17,2023-12,Goods-producing sector,True,1604.3,-21.7,8.0,0.5
202401,17,2024-01,Goods-producing sector,True,1595.8,-8.5,-4.3,-0.3
202402,17,2024-02,Goods-producing sector,True,1590.7,-5.1,-8.9,-0.6
202403,17,2024-03,Goods-producing sector,True,1609.6,18.9,11.4,0.7
202404,17,2024-04,Goods-producing sector,True,1595.9,-13.7,-11.4,-0.7
202405,17,2024-05,Goods-producing sector,True,1587.4,-8.5,-52.2,-3.2
202406,17,2024-06,Goods-producing sector,True,1587.0,-0.4,-45.7,-2.8
202407,17,2024-07,Goods-producing sector,True,1577.3,-9.7,-60.9,-3.7
202408,17,2024-08,Goods-producing sector,True,1581.5,4.2,-55.6,-3.4
202409,17,2024-09,Goods-producing sector,True,1575.8,-5.7,-53.2,-3.3
202410,17,2024-10,Goods-producing sector,True,1576.5,0.7,-43.7,-2.7
202411,17,2024-11,Goods-producing sector,True,1553.7,-22.8,-72.3,-4.4
202412,17,2024-12,Goods-producing sector,True,1580.4,26.7,-23.9,-1.5
202501,17,2025-01,Goods-producing sector,True,1594.7,14.3,-1.1,-0.1
202502,17,2025-02,Goods-producing sector,True,1594.5,-0.2,3.8,0.2
202503,17,2025-03,Goods-producing sector,True,1594.6,0.1,-15.0,-0.9
202504,17,2025-04,Goods-producing sector,True,1567.4,-27.2,-28.5,-1.8
202505,17,2025-05,Goods-producing sector,True,1555.4,-12.0,-32.0,-2.0
202506,17,2025-06,Goods-producing sector,True,1560.5,5.1,-26.5,-1.7
202507,17,2025-07,Goods-producing sector,True,1560.8,0.3,-16.5,-1.0
202508,17,2025-08,Goods-producing sector,True,1562.7,1.9,-18.8,-1.2
202509,17,2025-09,Goods-producing sector,True,1571.0,8.3,-4.8,-0.3
202510,17,2025-10,Goods-producing sector,True,1576.1,5.1,-0.4,-0.0
202511,17,2025-11,Goods-producing sector,True,1579.7,3.6,26.0,1.7
202512,17,2025-12,Goods-producing sector,True,1581.7,2.0,1.3,0.1
202601,17,2026-01,Goods-producing sector,True,1560.6,-21.1,-34.1,-2.1
202602,17,2026-02,Goods-producing sector,True,1551.0,-9.6,-43.5,-2.7
202603,17,2026-03,Goods-producing sector,True,1553.9,2.9,-40.7,-2.6
202604,17,2026-04,Goods-producing sector,True,1556.5,2.6,-10.9,-0.7
202101,8,2021-01,Health care and social assistance,False,876.9,,,
202102,8,2021-02,Health care and social assistance,False,871.5,-5.4,,
202103,8,2021-03,Health care and social assistance,False,898.0,26.5,,
202104,8,2021-04,Health care and social assistance,False,884.9,-13.1,,
202105,8,2021-05,Health care and social assistance,False,889.1,4.2,,
202106,8,2021-06,Health care and social assistance,False,912.9,23.8,,
202107,8,2021-07,Health care and social assistance,False,898.3,-14.6,,
202108,8,2021-08,Health care and social assistance,False,899.3,1.0,,
202109,8,2021-09,Health care and social assistance,False,910.2,10.9,,
202110,8,2021-10,Health care and social assistance,False,909.8,-0.4,,
202111,8,2021-11,Health care and social assistance,False,927.0,17.2,,
202112,8,2021-12,Health care and social assistance,False,928.9,1.9,,
202201,8,2022-01,Health care and social assistance,False,928.6,-0.3,51.7,5.9
202202,8,2022-02,Health care and social assistance,False,941.9,13.3,70.4,8.1
202203,8,2022-03,Health care and social assistance,False,939.4,-2.5,41.4,4.6
202204,8,2022-04,Health care and social assistance,False,940.5,1.1,55.6,6.3
202205,8,2022-05,Health care and social assistance,False,935.3,-5.2,46.2,5.2
202206,8,2022-06,Health care and social assistance,False,923.2,-12.1,10.3,1.1
202207,8,2022-07,Health care and social assistance,False,920.8,-2.4,22.5,2.5
202208,8,2022-08,Health care and social assistance,False,929.8,9.0,30.5,3.4
202209,8,2022-09,Health care and social assistance,False,932.9,3.1,22.7,2.5
202210,8,2022-10,Health care and social assistance,False,942.1,9.2,32.3,3.6
202211,8,2022-11,Health care and social assistance,False,952.3,10.2,25.3,2.7
202212,8,2022-12,Health care and social assistance,False,946.8,-5.5,17.9,1.9
202301,8,2023-01,Health care and social assistance,False,969.9,23.1,41.3,4.4
202302,8,2023-02,Health care and social assistance,False,971.3,1.4,29.4,3.1
202303,8,2023-03,Health care and social assistance,False,975.7,4.4,36.3,3.9
202304,8,2023-04,Health care and social assistance,False,979.2,3.5,38.7,4.1
202305,8,2023-05,Health care and social assistance,False,969.8,-9.4,34.5,3.7
202306,8,2023-06,Health care and social assistance,False,977.5,7.7,54.3,5.9
202307,8,2023-07,Health care and social assistance,False,982.4,4.9,61.6,6.7
202308,8,2023-08,Health care and social assistance,False,981.6,-0.8,51.8,5.6
202309,8,2023-09,Health care and social assistance,False,996.2,14.6,63.3,6.8
202310,8,2023-10,Health care and social assistance,False,1006.2,10.0,64.1,6.8
202311,8,2023-11,Health care and social assistance,False,990.2,-16.0,37.9,4.0
202312,8,2023-12,Health care and social assistance,False,985.2,-5.0,38.4,4.1
202401,8,2024-01,Health care and social assistance,False,978.4,-6.8,8.5,0.9
202402,8,2024-02,Health care and social assistance,False,976.9,-1.5,5.6,0.6
202403,8,2024-03,Health care and social assistance,False,994.0,17.1,18.3,1.9
202404,8,2024-04,Health care and social assistance,False,999.5,5.5,20.3,2.1
202405,8,2024-05,Health care and social assistance,False,1019.2,19.7,49.4,5.1
202406,8,2024-06,Health care and social assistance,False,1018.6,-0.6,41.1,4.2
202407,8,2024-07,Health care and social assistance,False,1015.8,-2.8,33.4,3.4
202408,8,2024-08,Health care and social assistance,False,1024.1,8.3,42.5,4.3
202409,8,2024-09,Health care and social assistance,False,1019.3,-4.8,23.1,2.3
202410,8,2024-10,Health care and social assistance,False,1019.2,-0.1,13.0,1.3
202411,8,2024-11,Health care and social assistance,False,1016.8,-2.4,26.6,2.7
202412,8,2024-12,Health care and social assistance,False,1004.8,-12.0,19.6,2.0
202501,8,2025-01,Health care and social assistance,False,1021.6,16.8,43.2,4.4
202502,8,2025-02,Health care and social assistance,False,1024.4,2.8,47.5,4.9
202503,8,2025-03,Health care and social assistance,False,1017.9,-6.5,23.9,2.4
202504,8,2025-04,Health care and social assistance,False,1013.2,-4.7,13.7,1.4
202505,8,2025-05,Health care and social assistance,False,1015.0,1.8,-4.2,-0.4
202506,8,2025-06,Health care and social assistance,False,1018.2,3.2,-0.4,-0.0
202507,8,2025-07,Health care and social assistance,False,1021.6,3.4,5.8,0.6
202508,8,2025-08,Health care and social assistance,False,1020.8,-0.8,-3.3,-0.3
202509,8,2025-09,Health care and social assistance,False,1021.2,0.4,1.9,0.2
202510,8,2025-10,Health care and social assistance,False,1013.4,-7.8,-5.8,-0.6
202511,8,2025-11,Health care and social assistance,False,1031.3,17.9,14.5,1.4
202512,8,2025-12,Health care and social assistance,False,1040.0,8.7,35.2,3.5
202601,8,2026-01,Health care and social assistance,False,1029.7,-10.3,8.1,0.8
202602,8,2026-02,Health care and social assistance,False,1030.2,0.5,5.8,0.6
202603,8,2026-03,Health care and social assistance,False,1035.9,5.7,18.0,1.8
202604,8,2026-04,Health care and social assistance,False,1052.9,17.0,39.7,3.9
202101,9,2021-01,"Information, culture and recreation",False,255.8,,,
202102,9,2021-02,"Information, culture and recreation",False,279.4,23.6,,
202103,9,2021-03,"Information, culture and recreation",False,299.9,20.5,,
202104,9,2021-04,"Information, culture and recreation",False,282.5,-17.4,,
202105,9,2021-05,"Information, culture and recreation",False,270.3,-12.2,,
202106,9,2021-06,"Information, culture and recreation",False,285.8,15.5,,
202107,9,2021-07,"Information, culture and recreation",False,291.4,5.6,,
202108,9,2021-08,"Information, culture and recreation",False,305.9,14.5,,
202109,9,2021-09,"Information, culture and recreation",False,316.2,10.3,,
202110,9,2021-10,"Information, culture and recreation",False,325.6,9.4,,
202111,9,2021-11,"Information, culture and recreation",False,339.0,13.4,,
202112,9,2021-12,"Information, culture and recreation",False,329.8,-9.2,,
202201,9,2022-01,"Information, culture and recreation",False,280.1,-49.7,24.3,9.5
202202,9,2022-02,"Information, culture and recreation",False,327.8,47.7,48.4,17.3
202203,9,2022-03,"Information, culture and recreation",False,328.6,0.8,28.7,9.6
202204,9,2022-04,"Information, culture and recreation",False,335.6,7.0,53.1,18.8
202205,9,2022-05,"Information, culture and recreation",False,337.7,2.1,67.4,24.9
202206,9,2022-06,"Information, culture and recreation",False,329.1,-8.6,43.3,15.2
202207,9,2022-07,"Information, culture and recreation",False,321.7,-7.4,30.3,10.4
202208,9,2022-08,"Information, culture and recreation",False,306.5,-15.2,0.6,0.2
202209,9,2022-09,"Information, culture and recreation",False,312.4,5.9,-3.8,-1.2
202210,9,2022-10,"Information, culture and recreation",False,306.2,-6.2,-19.4,-6.0
202211,9,2022-11,"Information, culture and recreation",False,302.4,-3.8,-36.6,-10.8
202212,9,2022-12,"Information, culture and recreation",False,318.0,15.6,-11.8,-3.6
202301,9,2023-01,"Information, culture and recreation",False,319.3,1.3,39.2,14.0
202302,9,2023-02,"Information, culture and recreation",False,317.0,-2.3,-10.8,-3.3
202303,9,2023-03,"Information, culture and recreation",False,321.7,4.7,-6.9,-2.1
202304,9,2023-04,"Information, culture and recreation",False,331.8,10.1,-3.8,-1.1
202305,9,2023-05,"Information, culture and recreation",False,335.9,4.1,-1.8,-0.5
202306,9,2023-06,"Information, culture and recreation",False,338.9,3.0,9.8,3.0
202307,9,2023-07,"Information, culture and recreation",False,332.6,-6.3,10.9,3.4
202308,9,2023-08,"Information, culture and recreation",False,334.7,2.1,28.2,9.2
202309,9,2023-09,"Information, culture and recreation",False,312.5,-22.2,0.1,0.0
202310,9,2023-10,"Information, culture and recreation",False,323.8,11.3,17.6,5.7
202311,9,2023-11,"Information, culture and recreation",False,319.7,-4.1,17.3,5.7
202312,9,2023-12,"Information, culture and recreation",False,311.4,-8.3,-6.6,-2.1
202401,9,2024-01,"Information, culture and recreation",False,309.0,-2.4,-10.3,-3.2
202402,9,2024-02,"Information, culture and recreation",False,313.1,4.1,-3.9,-1.2
202403,9,2024-03,"Information, culture and recreation",False,324.0,10.9,2.3,0.7
202404,9,2024-04,"Information, culture and recreation",False,310.8,-13.2,-21.0,-6.3
202405,9,2024-05,"Information, culture and recreation",False,318.5,7.7,-17.4,-5.2
202406,9,2024-06,"Information, culture and recreation",False,318.6,0.1,-20.3,-6.0
202407,9,2024-07,"Information, culture and recreation",False,330.5,11.9,-2.1,-0.6
202408,9,2024-08,"Information, culture and recreation",False,332.0,1.5,-2.7,-0.8
202409,9,2024-09,"Information, culture and recreation",False,340.4,8.4,27.9,8.9
202410,9,2024-10,"Information, culture and recreation",False,332.3,-8.1,8.5,2.6
202411,9,2024-11,"Information, culture and recreation",False,341.1,8.8,21.4,6.7
202412,9,2024-12,"Information, culture and recreation",False,350.7,9.6,39.3,12.6
202501,9,2025-01,"Information, culture and recreation",False,360.6,9.9,51.6,16.7
202502,9,2025-02,"Information, culture and recreation",False,358.1,-2.5,45.0,14.4
202503,9,2025-03,"Information, culture and recreation",False,340.5,-17.6,16.5,5.1
202504,9,2025-04,"Information, culture and recreation",False,339.8,-0.7,29.0,9.3
202505,9,2025-05,"Information, culture and recreation",False,342.0,2.2,23.5,7.4
202506,9,2025-06,"Information, culture and recreation",False,350.5,8.5,31.9,10.0
202507,9,2025-07,"Information, culture and recreation",False,343.2,-7.3,12.7,3.8
202508,9,2025-08,"Information, culture and recreation",False,345.6,2.4,13.6,4.1
202509,9,2025-09,"Information, culture and recreation",False,345.4,-0.2,5.0,1.5
202510,9,2025-10,"Information, culture and recreation",False,364.1,18.7,31.8,9.6
202511,9,2025-11,"Information, culture and recreation",False,373.0,8.9,31.9,9.4
202512,9,2025-12,"Information, culture and recreation",False,379.1,6.1,28.4,8.1
202601,9,2026-01,"Information, culture and recreation",False,368.7,-10.4,8.1,2.2
202602,9,2026-02,"Information, culture and recreation",False,368.7,0.0,10.6,3.0
202603,9,2026-03,"Information, culture and recreation",False,371.6,2.9,31.1,9.1
202604,9,2026-04,"Information, culture and recreation",False,363.5,-8.1,23.7,7.0
202101,10,2021-01,Manufacturing,False,795.2,,,
202102,10,2021-02,Manufacturing,False,802.5,7.3,,
202103,10,2021-03,Manufacturing,False,796.2,-6.3,,
202104,10,2021-04,Manufacturing,False,777.7,-18.5,,
202105,10,2021-05,Manufacturing,False,761.0,-16.7,,
202106,10,2021-06,Manufacturing,False,770.7,9.7,,
202107,10,2021-07,Manufacturing,False,770.8,0.1,,
202108,10,2021-08,Manufacturing,False,774.3,3.5,,
202109,10,2021-09,Manufacturing,False,767.6,-6.7,,
202110,10,2021-10,Manufacturing,False,782.4,14.8,,
202111,10,2021-11,Manufacturing,False,783.4,1.0,,
202112,10,2021-12,Manufacturing,False,800.7,17.3,,
202201,10,2022-01,Manufacturing,False,776.5,-24.2,-18.7,-2.4
202202,10,2022-02,Manufacturing,False,784.4,7.9,-18.1,-2.3
202203,10,2022-03,Manufacturing,False,790.2,5.8,-6.0,-0.8
202204,10,2022-04,Manufacturing,False,793.5,3.3,15.8,2.0
202205,10,2022-05,Manufacturing,False,790.0,-3.5,29.0,3.8
202206,10,2022-06,Manufacturing,False,792.4,2.4,21.7,2.8
202207,10,2022-07,Manufacturing,False,804.5,12.1,33.7,4.4
202208,10,2022-08,Manufacturing,False,803.4,-1.1,29.1,3.8
202209,10,2022-09,Manufacturing,False,802.4,-1.0,34.8,4.5
202210,10,2022-10,Manufacturing,False,814.5,12.1,32.1,4.1
202211,10,2022-11,Manufacturing,False,813.1,-1.4,29.7,3.8
202212,10,2022-12,Manufacturing,False,808.1,-5.0,7.4,0.9
202301,10,2023-01,Manufacturing,False,815.9,7.8,39.4,5.1
202302,10,2023-02,Manufacturing,False,816.0,0.1,31.6,4.0
202303,10,2023-03,Manufacturing,False,804.8,-11.2,14.6,1.8
202304,10,2023-04,Manufacturing,False,812.1,7.3,18.6,2.3
202305,10,2023-05,Manufacturing,False,836.6,24.5,46.6,5.9
202306,10,2023-06,Manufacturing,False,836.0,-0.6,43.6,5.5
202307,10,2023-07,Manufacturing,False,840.9,4.9,36.4,4.5
202308,10,2023-08,Manufacturing,False,836.6,-4.3,33.2,4.1
202309,10,2023-09,Manufacturing,False,836.3,-0.3,33.9,4.2
202310,10,2023-10,Manufacturing,False,834.3,-2.0,19.8,2.4
202311,10,2023-11,Manufacturing,False,839.4,5.1,26.3,3.2
202312,10,2023-12,Manufacturing,False,835.2,-4.2,27.1,3.4
202401,10,2024-01,Manufacturing,False,832.3,-2.9,16.4,2.0
202402,10,2024-02,Manufacturing,False,828.8,-3.5,12.8,1.6
202403,10,2024-03,Manufacturing,False,836.6,7.8,31.8,4.0
202404,10,2024-04,Manufacturing,False,849.7,13.1,37.6,4.6
202405,10,2024-05,Manufacturing,False,835.8,-13.9,-0.8,-0.1
202406,10,2024-06,Manufacturing,False,843.3,7.5,7.3,0.9
202407,10,2024-07,Manufacturing,False,832.1,-11.2,-8.8,-1.0
202408,10,2024-08,Manufacturing,False,834.2,2.1,-2.4,-0.3
202409,10,2024-09,Manufacturing,False,825.4,-8.8,-10.9,-1.3
202410,10,2024-10,Manufacturing,False,820.7,-4.7,-13.6,-1.6
202411,10,2024-11,Manufacturing,False,804.9,-15.8,-34.5,-4.1
202412,10,2024-12,Manufacturing,False,821.3,16.4,-13.9,-1.7
202501,10,2025-01,Manufacturing,False,828.7,7.4,-3.6,-0.4
202502,10,2025-02,Manufacturing,False,835.5,6.8,6.7,0.8
202503,10,2025-03,Manufacturing,False,836.7,1.2,0.1,0.0
202504,10,2025-04,Manufacturing,False,811.1,-25.6,-38.6,-4.5
202505,10,2025-05,Manufacturing,False,809.4,-1.7,-26.4,-3.2
202506,10,2025-06,Manufacturing,False,805.3,-4.1,-38.0,-4.5
202507,10,2025-07,Manufacturing,False,811.4,6.1,-20.7,-2.5
202508,10,2025-08,Manufacturing,False,815.9,4.5,-18.3,-2.2
202509,10,2025-09,Manufacturing,False,825.0,9.1,-0.4,-0.0
202510,10,2025-10,Manufacturing,False,827.9,2.9,7.2,0.9
202511,10,2025-11,Manufacturing,False,824.2,-3.7,19.3,2.4
202512,10,2025-12,Manufacturing,False,831.0,6.8,9.7,1.2
202601,10,2026-01,Manufacturing,False,801.7,-29.3,-27.0,-3.3
202602,10,2026-02,Manufacturing,False,794.2,-7.5,-41.3,-4.9
202603,10,2026-03,Manufacturing,False,793.9,-0.3,-42.8,-5.1
202604,10,2026-04,Manufacturing,False,802.6,8.7,-8.5,-1.0
202101,11,2021-01,Other services (except public administration),False,251.4,,,
202102,11,2021-02,Other services (except public administration),False,254.8,3.4,,
202103,11,2021-03,Other services (except public administration),False,268.3,13.5,,
202104,11,2021-04,Other services (except public administration),False,259.8,-8.5,,
202105,11,2021-05,Other services (except public administration),False,263.1,3.3,,
202106,11,2021-06,Other services (except public administration),False,259.0,-4.1,,
202107,11,2021-07,Other services (except public administration),False,264.3,5.3,,
202108,11,2021-08,Other services (except public administration),False,253.9,-10.4,,
202109,11,2021-09,Other services (except public administration),False,252.1,-1.8,,
202110,11,2021-10,Other services (except public administration),False,262.7,10.6,,
202111,11,2021-11,Other services (except public administration),False,254.9,-7.8,,
202112,11,2021-12,Other services (except public administration),False,252.7,-2.2,,
202201,11,2022-01,Other services (except public administration),False,252.9,0.2,1.5,0.6
202202,11,2022-02,Other services (except public administration),False,246.9,-6.0,-7.9,-3.1
202203,11,2022-03,Other services (except public administration),False,252.2,5.3,-16.1,-6.0
202204,11,2022-04,Other services (except public administration),False,254.8,2.6,-5.0,-1.9
202205,11,2022-05,Other services (except public administration),False,253.0,-1.8,-10.1,-3.8
202206,11,2022-06,Other services (except public administration),False,243.7,-9.3,-15.3,-5.9
202207,11,2022-07,Other services (except public administration),False,247.4,3.7,-16.9,-6.4
202208,11,2022-08,Other services (except public administration),False,252.2,4.8,-1.7,-0.7
202209,11,2022-09,Other services (except public administration),False,253.4,1.2,1.3,0.5
202210,11,2022-10,Other services (except public administration),False,255.9,2.5,-6.8,-2.6
202211,11,2022-11,Other services (except public administration),False,253.6,-2.3,-1.3,-0.5
202212,11,2022-12,Other services (except public administration),False,250.8,-2.8,-1.9,-0.8
202301,11,2023-01,Other services (except public administration),False,266.0,15.2,13.1,5.2
202302,11,2023-02,Other services (except public administration),False,265.5,-0.5,18.6,7.5
202303,11,2023-03,Other services (except public administration),False,266.3,0.8,14.1,5.6
202304,11,2023-04,Other services (except public administration),False,257.8,-8.5,3.0,1.2
202305,11,2023-05,Other services (except public administration),False,261.7,3.9,8.7,3.4
202306,11,2023-06,Other services (except public administration),False,267.8,6.1,24.1,9.9
202307,11,2023-07,Other services (except public administration),False,270.9,3.1,23.5,9.5
202308,11,2023-08,Other services (except public administration),False,277.0,6.1,24.8,9.8
202309,11,2023-09,Other services (except public administration),False,280.6,3.6,27.2,10.7
202310,11,2023-10,Other services (except public administration),False,284.3,3.7,28.4,11.1
202311,11,2023-11,Other services (except public administration),False,292.4,8.1,38.8,15.3
202312,11,2023-12,Other services (except public administration),False,292.0,-0.4,41.2,16.4
202401,11,2024-01,Other services (except public administration),False,286.7,-5.3,20.7,7.8
202402,11,2024-02,Other services (except public administration),False,293.0,6.3,27.5,10.4
202403,11,2024-03,Other services (except public administration),False,281.5,-11.5,15.2,5.7
202404,11,2024-04,Other services (except public administration),False,292.8,11.3,35.0,13.6
202405,11,2024-05,Other services (except public administration),False,292.1,-0.7,30.4,11.6
202406,11,2024-06,Other services (except public administration),False,300.6,8.5,32.8,12.2
202407,11,2024-07,Other services (except public administration),False,297.9,-2.7,27.0,10.0
202408,11,2024-08,Other services (except public administration),False,286.7,-11.2,9.7,3.5
202409,11,2024-09,Other services (except public administration),False,289.5,2.8,8.9,3.2
202410,11,2024-10,Other services (except public administration),False,287.4,-2.1,3.1,1.1
202411,11,2024-11,Other services (except public administration),False,283.5,-3.9,-8.9,-3.0
202412,11,2024-12,Other services (except public administration),False,283.8,0.3,-8.2,-2.8
202501,11,2025-01,Other services (except public administration),False,278.2,-5.6,-8.5,-3.0
202502,11,2025-02,Other services (except public administration),False,280.3,2.1,-12.7,-4.3
202503,11,2025-03,Other services (except public administration),False,292.9,12.6,11.4,4.0
202504,11,2025-04,Other services (except public administration),False,287.4,-5.5,-5.4,-1.8
202505,11,2025-05,Other services (except public administration),False,290.8,3.4,-1.3,-0.4
202506,11,2025-06,Other services (except public administration),False,283.3,-7.5,-17.3,-5.8
202507,11,2025-07,Other services (except public administration),False,290.1,6.8,-7.8,-2.6
202508,11,2025-08,Other services (except public administration),False,290.6,0.5,3.9,1.4
202509,11,2025-09,Other services (except public administration),False,291.4,0.8,1.9,0.7
202510,11,2025-10,Other services (except public administration),False,288.3,-3.1,0.9,0.3
202511,11,2025-11,Other services (except public administration),False,289.7,1.4,6.2,2.2
202512,11,2025-12,Other services (except public administration),False,297.5,7.8,13.7,4.8
202601,11,2026-01,Other services (except public administration),False,291.7,-5.8,13.5,4.9
202602,11,2026-02,Other services (except public administration),False,293.6,1.9,13.3,4.7
202603,11,2026-03,Other services (except public administration),False,298.2,4.6,5.3,1.8
202604,11,2026-04,Other services (except public administration),False,297.5,-0.7,10.1,3.5
202101,12,2021-01,"Professional, scientific and technical services",False,741.4,,,
202102,12,2021-02,"Professional, scientific and technical services",False,736.5,-4.9,,
202103,12,2021-03,"Professional, scientific and technical services",False,738.8,2.3,,
202104,12,2021-04,"Professional, scientific and technical services",False,737.8,-1.0,,
202105,12,2021-05,"Professional, scientific and technical services",False,750.4,12.6,,
202106,12,2021-06,"Professional, scientific and technical services",False,761.6,11.2,,
202107,12,2021-07,"Professional, scientific and technical services",False,763.8,2.2,,
202108,12,2021-08,"Professional, scientific and technical services",False,763.6,-0.2,,
202109,12,2021-09,"Professional, scientific and technical services",False,772.1,8.5,,
202110,12,2021-10,"Professional, scientific and technical services",False,767.2,-4.9,,
202111,12,2021-11,"Professional, scientific and technical services",False,781.5,14.3,,
202112,12,2021-12,"Professional, scientific and technical services",False,777.8,-3.7,,
202201,12,2022-01,"Professional, scientific and technical services",False,776.8,-1.0,35.4,4.8
202202,12,2022-02,"Professional, scientific and technical services",False,790.7,13.9,54.2,7.4
202203,12,2022-03,"Professional, scientific and technical services",False,806.4,15.7,67.6,9.1
202204,12,2022-04,"Professional, scientific and technical services",False,809.8,3.4,72.0,9.8
202205,12,2022-05,"Professional, scientific and technical services",False,807.3,-2.5,56.9,7.6
202206,12,2022-06,"Professional, scientific and technical services",False,803.3,-4.0,41.7,5.5
202207,12,2022-07,"Professional, scientific and technical services",False,807.0,3.7,43.2,5.7
202208,12,2022-08,"Professional, scientific and technical services",False,806.2,-0.8,42.6,5.6
202209,12,2022-09,"Professional, scientific and technical services",False,795.0,-11.2,22.9,3.0
202210,12,2022-10,"Professional, scientific and technical services",False,808.5,13.5,41.3,5.4
202211,12,2022-11,"Professional, scientific and technical services",False,806.9,-1.6,25.4,3.3
202212,12,2022-12,"Professional, scientific and technical services",False,817.4,10.5,39.6,5.1
202301,12,2023-01,"Professional, scientific and technical services",False,815.5,-1.9,38.7,5.0
202302,12,2023-02,"Professional, scientific and technical services",False,824.9,9.4,34.2,4.3
202303,12,2023-03,"Professional, scientific and technical services",False,822.1,-2.8,15.7,1.9
202304,12,2023-04,"Professional, scientific and technical services",False,816.6,-5.5,6.8,0.8
202305,12,2023-05,"Professional, scientific and technical services",False,813.0,-3.6,5.7,0.7
202306,12,2023-06,"Professional, scientific and technical services",False,820.3,7.3,17.0,2.1
202307,12,2023-07,"Professional, scientific and technical services",False,821.7,1.4,14.7,1.8
202308,12,2023-08,"Professional, scientific and technical services",False,847.0,25.3,40.8,5.1
202309,12,2023-09,"Professional, scientific and technical services",False,856.3,9.3,61.3,7.7
202310,12,2023-10,"Professional, scientific and technical services",False,854.3,-2.0,45.8,5.7
202311,12,2023-11,"Professional, scientific and technical services",False,865.6,11.3,58.7,7.3
202312,12,2023-12,"Professional, scientific and technical services",False,881.6,16.0,64.2,7.9
202401,12,2024-01,"Professional, scientific and technical services",False,878.5,-3.1,63.0,7.7
202402,12,2024-02,"Professional, scientific and technical services",False,886.4,7.9,61.5,7.5
202403,12,2024-03,"Professional, scientific and technical services",False,882.8,-3.6,60.7,7.4
202404,12,2024-04,"Professional, scientific and technical services",False,889.1,6.3,72.5,8.9
202405,12,2024-05,"Professional, scientific and technical services",False,895.6,6.5,82.6,10.2
202406,12,2024-06,"Professional, scientific and technical services",False,905.9,10.3,85.6,10.4
202407,12,2024-07,"Professional, scientific and technical services",False,917.4,11.5,95.7,11.6
202408,12,2024-08,"Professional, scientific and technical services",False,903.1,-14.3,56.1,6.6
202409,12,2024-09,"Professional, scientific and technical services",False,910.0,6.9,53.7,6.3
202410,12,2024-10,"Professional, scientific and technical services",False,908.8,-1.2,54.5,6.4
202411,12,2024-11,"Professional, scientific and technical services",False,912.6,3.8,47.0,5.4
202412,12,2024-12,"Professional, scientific and technical services",False,907.4,-5.2,25.8,2.9
202501,12,2025-01,"Professional, scientific and technical services",False,913.6,6.2,35.1,4.0
202502,12,2025-02,"Professional, scientific and technical services",False,893.9,-19.7,7.5,0.8
202503,12,2025-03,"Professional, scientific and technical services",False,900.2,6.3,17.4,2.0
202504,12,2025-04,"Professional, scientific and technical services",False,915.4,15.2,26.3,3.0
202505,12,2025-05,"Professional, scientific and technical services",False,908.4,-7.0,12.8,1.4
202506,12,2025-06,"Professional, scientific and technical services",False,916.3,7.9,10.4,1.1
202507,12,2025-07,"Professional, scientific and technical services",False,915.5,-0.8,-1.9,-0.2
202508,12,2025-08,"Professional, scientific and technical services",False,904.0,-11.5,0.9,0.1
202509,12,2025-09,"Professional, scientific and technical services",False,911.0,7.0,1.0,0.1
202510,12,2025-10,"Professional, scientific and technical services",False,918.2,7.2,9.4,1.0
202511,12,2025-11,"Professional, scientific and technical services",False,916.2,-2.0,3.6,0.4
202512,12,2025-12,"Professional, scientific and technical services",False,914.4,-1.8,7.0,0.8
202601,12,2026-01,"Professional, scientific and technical services",False,897.9,-16.5,-15.7,-1.7
202602,12,2026-02,"Professional, scientific and technical services",False,895.8,-2.1,1.9,0.2
202603,12,2026-03,"Professional, scientific and technical services",False,905.9,10.1,5.7,0.6
202604,12,2026-04,"Professional, scientific and technical services",False,902.9,-3.0,-12.5,-1.4
202101,13,2021-01,Public administration,False,394.8,,,
202102,13,2021-02,Public administration,False,393.2,-1.6,,
202103,13,2021-03,Public administration,False,393.4,0.2,,
202104,13,2021-04,Public administration,False,401.3,7.9,,
202105,13,2021-05,Public administration,False,399.1,-2.2,,
202106,13,2021-06,Public administration,False,418.3,19.2,,
202107,13,2021-07,Public administration,False,417.6,-0.7,,
202108,13,2021-08,Public administration,False,408.3,-9.3,,
202109,13,2021-09,Public administration,False,435.5,27.2,,
202110,13,2021-10,Public administration,False,419.5,-16.0,,
202111,13,2021-11,Public administration,False,429.9,10.4,,
202112,13,2021-12,Public administration,False,430.9,1.0,,
202201,13,2022-01,Public administration,False,431.3,0.4,36.5,9.2
202202,13,2022-02,Public administration,False,425.8,-5.5,32.6,8.3
202203,13,2022-03,Public administration,False,431.1,5.3,37.7,9.6
202204,13,2022-04,Public administration,False,437.2,6.1,35.9,8.9
202205,13,2022-05,Public administration,False,438.3,1.1,39.2,9.8
202206,13,2022-06,Public administration,False,440.9,2.6,22.6,5.4
202207,13,2022-07,Public administration,False,450.3,9.4,32.7,7.8
202208,13,2022-08,Public administration,False,456.6,6.3,48.3,11.8
202209,13,2022-09,Public administration,False,449.2,-7.4,13.7,3.1
202210,13,2022-10,Public administration,False,456.9,7.7,37.4,8.9
202211,13,2022-11,Public administration,False,460.9,4.0,31.0,7.2
202212,13,2022-12,Public administration,False,461.3,0.4,30.4,7.1
202301,13,2023-01,Public administration,False,456.2,-5.1,24.9,5.8
202302,13,2023-02,Public administration,False,462.2,6.0,36.4,8.5
202303,13,2023-03,Public administration,False,462.7,0.5,31.6,7.3
202304,13,2023-04,Public administration,False,463.5,0.8,26.3,6.0
202305,13,2023-05,Public administration,False,464.3,0.8,26.0,5.9
202306,13,2023-06,Public administration,False,468.5,4.2,27.6,6.3
202307,13,2023-07,Public administration,False,457.4,-11.1,7.1,1.6
202308,13,2023-08,Public administration,False,458.0,0.6,1.4,0.3
202309,13,2023-09,Public administration,False,467.1,9.1,17.9,4.0
202310,13,2023-10,Public administration,False,465.8,-1.3,8.9,1.9
202311,13,2023-11,Public administration,False,460.2,-5.6,-0.7,-0.2
202312,13,2023-12,Public administration,False,463.0,2.8,1.7,0.4
202401,13,2024-01,Public administration,False,465.8,2.8,9.6,2.1
202402,13,2024-02,Public administration,False,469.5,3.7,7.3,1.6
202403,13,2024-03,Public administration,False,467.6,-1.9,4.9,1.1
202404,13,2024-04,Public administration,False,470.4,2.8,6.9,1.5
202405,13,2024-05,Public administration,False,471.4,1.0,7.1,1.5
202406,13,2024-06,Public administration,False,462.1,-9.3,-6.4,-1.4
202407,13,2024-07,Public administration,False,474.5,12.4,17.1,3.7
202408,13,2024-08,Public administration,False,472.4,-2.1,14.4,3.1
202409,13,2024-09,Public administration,False,481.4,9.0,14.3,3.1
202410,13,2024-10,Public administration,False,476.3,-5.1,10.5,2.3
202411,13,2024-11,Public administration,False,477.1,0.8,16.9,3.7
202412,13,2024-12,Public administration,False,478.9,1.8,15.9,3.4
202501,13,2025-01,Public administration,False,476.5,-2.4,10.7,2.3
202502,13,2025-02,Public administration,False,474.8,-1.7,5.3,1.1
202503,13,2025-03,Public administration,False,479.0,4.2,11.4,2.4
202504,13,2025-04,Public administration,False,484.2,5.2,13.8,2.9
202505,13,2025-05,Public administration,False,469.4,-14.8,-2.0,-0.4
202506,13,2025-06,Public administration,False,469.8,0.4,7.7,1.7
202507,13,2025-07,Public administration,False,471.0,1.2,-3.5,-0.7
202508,13,2025-08,Public administration,False,466.8,-4.2,-5.6,-1.2
202509,13,2025-09,Public administration,False,460.9,-5.9,-20.5,-4.3
202510,13,2025-10,Public administration,False,465.7,4.8,-10.6,-2.2
202511,13,2025-11,Public administration,False,467.3,1.6,-9.8,-2.1
202512,13,2025-12,Public administration,False,469.1,1.8,-9.8,-2.0
202601,13,2026-01,Public administration,False,467.0,-2.1,-9.5,-2.0
202602,13,2026-02,Public administration,False,474.0,7.0,-0.8,-0.2
202603,13,2026-03,Public administration,False,470.3,-3.7,-8.7,-1.8
202604,13,2026-04,Public administration,False,471.3,1.0,-12.9,-2.7
202101,18,2021-01,Services-producing sector,True,5626.2,,,
202102,18,2021-02,Services-producing sector,True,5737.4,111.2,,
202103,18,2021-03,Services-producing sector,True,5885.4,148.0,,
202104,18,2021-04,Services-producing sector,True,5752.4,-133.0,,
202105,18,2021-05,Services-producing sector,True,5740.3,-12.1,,
202106,18,2021-06,Services-producing sector,True,5859.4,119.1,,
202107,18,2021-07,Services-producing sector,True,5961.8,102.4,,
202108,18,2021-08,Services-producing sector,True,5988.8,27.0,,
202109,18,2021-09,Services-producing sector,True,6087.2,98.4,,
202110,18,2021-10,Services-producing sector,True,6103.5,16.3,,
202111,18,2021-11,Services-producing sector,True,6163.2,59.7,,
202112,18,2021-12,Services-producing sector,True,6203.5,40.3,,
202201,18,2022-01,Services-producing sector,True,6041.2,-162.3,415.0,7.4
202202,18,2022-02,Services-producing sector,True,6206.9,165.7,469.5,8.2
202203,18,2022-03,Services-producing sector,True,6207.5,0.6,322.1,5.5
202204,18,2022-04,Services-producing sector,True,6225.8,18.3,473.4,8.2
202205,18,2022-05,Services-producing sector,True,6247.3,21.5,507.0,8.8
202206,18,2022-06,Services-producing sector,True,6218.1,-29.2,358.7,6.1
202207,18,2022-07,Services-producing sector,True,6220.6,2.5,258.8,4.3
202208,18,2022-08,Services-producing sector,True,6205.4,-15.2,216.6,3.6
202209,18,2022-09,Services-producing sector,True,6186.2,-19.2,99.0,1.6
202210,18,2022-10,Services-producing sector,True,6225.0,38.8,121.5,2.0
202211,18,2022-11,Services-producing sector,True,6236.5,11.5,73.3,1.2
202212,18,2022-12,Services-producing sector,True,6267.7,31.2,64.2,1.0
202301,18,2023-01,Services-producing sector,True,6300.3,32.6,259.1,4.3
202302,18,2023-02,Services-producing sector,True,6332.6,32.3,125.7,2.0
202303,18,2023-03,Services-producing sector,True,6363.4,30.8,155.9,2.5
202304,18,2023-04,Services-producing sector,True,6384.8,21.4,159.0,2.6
202305,18,2023-05,Services-producing sector,True,6341.7,-43.1,94.4,1.5
202306,18,2023-06,Services-producing sector,True,6397.2,55.5,179.1,2.9
202307,18,2023-07,Services-producing sector,True,6399.5,2.3,178.9,2.9
202308,18,2023-08,Services-producing sector,True,6415.3,15.8,209.9,3.4
202309,18,2023-09,Services-producing sector,True,6438.0,22.7,251.8,4.1
202310,18,2023-10,Services-producing sector,True,6435.2,-2.8,210.2,3.4
202311,18,2023-11,Services-producing sector,True,6437.9,2.7,201.4,3.2
202312,18,2023-12,Services-producing sector,True,6433.9,-4.0,166.2,2.7
202401,18,2024-01,Services-producing sector,True,6455.1,21.2,154.8,2.5
202402,18,2024-02,Services-producing sector,True,6463.9,8.8,131.3,2.1
202403,18,2024-03,Services-producing sector,True,6482.9,19.0,119.5,1.9
202404,18,2024-04,Services-producing sector,True,6518.2,35.3,133.4,2.1
202405,18,2024-05,Services-producing sector,True,6565.1,46.9,223.4,3.5
202406,18,2024-06,Services-producing sector,True,6568.5,3.4,171.3,2.7
202407,18,2024-07,Services-producing sector,True,6597.8,29.3,198.3,3.1
202408,18,2024-08,Services-producing sector,True,6588.8,-9.0,173.5,2.7
202409,18,2024-09,Services-producing sector,True,6627.3,38.5,189.3,2.9
202410,18,2024-10,Services-producing sector,True,6603.6,-23.7,168.4,2.6
202411,18,2024-11,Services-producing sector,True,6619.2,15.6,181.3,2.8
202412,18,2024-12,Services-producing sector,True,6629.6,10.4,195.7,3.0
202501,18,2025-01,Services-producing sector,True,6639.5,9.9,184.4,2.9
202502,18,2025-02,Services-producing sector,True,6651.2,11.7,187.3,2.9
202503,18,2025-03,Services-producing sector,True,6627.0,-24.2,144.1,2.2
202504,18,2025-04,Services-producing sector,True,6626.2,-0.8,108.0,1.7
202505,18,2025-05,Services-producing sector,True,6642.6,16.4,77.5,1.2
202506,18,2025-06,Services-producing sector,True,6647.8,5.2,79.3,1.2
202507,18,2025-07,Services-producing sector,True,6655.5,7.7,57.7,0.9
202508,18,2025-08,Services-producing sector,True,6627.5,-28.0,38.7,0.6
202509,18,2025-09,Services-producing sector,True,6629.1,1.6,1.8,0.0
202510,18,2025-10,Services-producing sector,True,6676.4,47.3,72.8,1.1
202511,18,2025-11,Services-producing sector,True,6676.7,0.3,57.5,0.9
202512,18,2025-12,Services-producing sector,True,6692.9,16.2,63.3,1.0
202601,18,2026-01,Services-producing sector,True,6647.4,-45.5,7.9,0.1
202602,18,2026-02,Services-producing sector,True,6660.3,12.9,9.1,0.1
202603,18,2026-03,Services-producing sector,True,6651.5,-8.8,24.5,0.4
202604,18,2026-04,Services-producing sector,True,6691.3,39.8,65.1,1.0
202101,19,2021-01,"Total employed, all industries",True,7112.7,,,
202102,19,2021-02,"Total employed, all industries",True,7227.6,114.9,,
202103,19,2021-03,"Total employed, all industries",True,7371.8,144.2,,
202104,19,2021-04,"Total employed, all industries",True,7228.9,-142.9,,
202105,19,2021-05,"Total employed, all industries",True,7196.4,-32.5,,
202106,19,2021-06,"Total employed, all industries",True,7324.7,128.3,,
202107,19,2021-07,"Total employed, all industries",True,7429.9,105.2,,
202108,19,2021-08,"Total employed, all industries",True,7463.1,33.2,,
202109,19,2021-09,"Total employed, all industries",True,7553.1,90.0,,
202110,19,2021-10,"Total employed, all industries",True,7596.9,43.8,,
202111,19,2021-11,"Total employed, all industries",True,7662.2,65.3,,
202112,19,2021-12,"Total employed, all industries",True,7716.4,54.2,,
202201,19,2022-01,"Total employed, all industries",True,7552.3,-164.1,439.6,6.2
202202,19,2022-02,"Total employed, all industries",True,7737.9,185.6,510.3,7.1
202203,19,2022-03,"Total employed, all industries",True,7753.1,15.2,381.3,5.2
202204,19,2022-04,"Total employed, all industries",True,7784.2,31.1,555.3,7.7
202205,19,2022-05,"Total employed, all industries",True,7791.0,6.8,594.6,8.3
202206,19,2022-06,"Total employed, all industries",True,7773.1,-17.9,448.4,6.1
202207,19,2022-07,"Total employed, all industries",True,7788.1,15.0,358.2,4.8
202208,19,2022-08,"Total employed, all industries",True,7772.8,-15.3,309.7,4.1
202209,19,2022-09,"Total employed, all industries",True,7751.2,-21.6,198.1,2.6
202210,19,2022-10,"Total employed, all industries",True,7804.3,53.1,207.4,2.7
202211,19,2022-11,"Total employed, all industries",True,7819.5,15.2,157.3,2.1
202212,19,2022-12,"Total employed, all industries",True,7864.0,44.5,147.6,1.9
202301,19,2023-01,"Total employed, all industries",True,7900.4,36.4,348.1,4.6
202302,19,2023-02,"Total employed, all industries",True,7932.1,31.7,194.2,2.5
202303,19,2023-03,"Total employed, all industries",True,7961.7,29.6,208.6,2.7
202304,19,2023-04,"Total employed, all industries",True,7992.2,30.5,208.0,2.7
202305,19,2023-05,"Total employed, all industries",True,7981.3,-10.9,190.3,2.4
202306,19,2023-06,"Total employed, all industries",True,8029.9,48.6,256.8,3.3
202307,19,2023-07,"Total employed, all industries",True,8037.7,7.8,249.6,3.2
202308,19,2023-08,"Total employed, all industries",True,8052.4,14.7,279.6,3.6
202309,19,2023-09,"Total employed, all industries",True,8067.1,14.7,315.9,4.1
202310,19,2023-10,"Total employed, all industries",True,8055.4,-11.7,251.1,3.2
202311,19,2023-11,"Total employed, all industries",True,8063.9,8.5,244.4,3.1
202312,19,2023-12,"Total employed, all industries",True,8038.2,-25.7,174.2,2.2
202401,19,2024-01,"Total employed, all industries",True,8051.0,12.8,150.6,1.9
202402,19,2024-02,"Total employed, all industries",True,8054.6,3.6,122.5,1.5
202403,19,2024-03,"Total employed, all industries",True,8092.5,37.9,130.8,1.6
202404,19,2024-04,"Total employed, all industries",True,8114.1,21.6,121.9,1.5
202405,19,2024-05,"Total employed, all industries",True,8152.5,38.4,171.2,2.1
202406,19,2024-06,"Total employed, all industries",True,8155.4,2.9,125.5,1.6
202407,19,2024-07,"Total employed, all industries",True,8175.1,19.7,137.4,1.7
202408,19,2024-08,"Total employed, all industries",True,8170.3,-4.8,117.9,1.5
202409,19,2024-09,"Total employed, all industries",True,8203.1,32.8,136.0,1.7
202410,19,2024-10,"Total employed, all industries",True,8180.2,-22.9,124.8,1.5
202411,19,2024-11,"Total employed, all industries",True,8172.9,-7.3,109.0,1.4
202412,19,2024-12,"Total employed, all industries",True,8210.0,37.1,171.8,2.1
202501,19,2025-01,"Total employed, all industries",True,8234.2,24.2,183.2,2.3
202502,19,2025-02,"Total employed, all industries",True,8245.7,11.5,191.1,2.4
202503,19,2025-03,"Total employed, all industries",True,8221.6,-24.1,129.1,1.6
202504,19,2025-04,"Total employed, all industries",True,8193.6,-28.0,79.5,1.0
202505,19,2025-05,"Total employed, all industries",True,8198.1,4.5,45.6,0.6
202506,19,2025-06,"Total employed, all industries",True,8208.3,10.2,52.9,0.6
202507,19,2025-07,"Total employed, all industries",True,8216.3,8.0,41.2,0.5
202508,19,2025-08,"Total employed, all industries",True,8190.3,-26.0,20.0,0.2
202509,19,2025-09,"Total employed, all industries",True,8200.2,9.9,-2.9,-0.0
202510,19,2025-10,"Total employed, all industries",True,8252.5,52.3,72.3,0.9
202511,19,2025-11,"Total employed, all industries",True,8256.4,3.9,83.5,1.0
202512,19,2025-12,"Total employed, all industries",True,8274.5,18.1,64.5,0.8
202601,19,2026-01,"Total employed, all industries",True,8208.0,-66.5,-26.2,-0.3
202602,19,2026-02,"Total employed, all industries",True,8211.3,3.3,-34.4,-0.4
202603,19,2026-03,"Total employed, all industries",True,8205.5,-5.8,-16.1,-0.2
202604,19,2026-04,"Total employed, all industries",True,8247.9,42.4,54.3,0.7
202101,14,2021-01,Transportation and warehousing,False,343.8,,,
202102,14,2021-02,Transportation and warehousing,False,355.2,11.4,,
202103,14,2021-03,Transportation and warehousing,False,358.9,3.7,,
202104,14,2021-04,Transportation and warehousing,False,356.6,-2.3,,
202105,14,2021-05,Transportation and warehousing,False,364.4,7.8,,
202106,14,2021-06,Transportation and warehousing,False,360.7,-3.7,,
202107,14,2021-07,Transportation and warehousing,False,360.0,-0.7,,
202108,14,2021-08,Transportation and warehousing,False,365.6,5.6,,
202109,14,2021-09,Transportation and warehousing,False,375.0,9.4,,
202110,14,2021-10,Transportation and warehousing,False,374.0,-1.0,,
202111,14,2021-11,Transportation and warehousing,False,380.7,6.7,,
202112,14,2021-12,Transportation and warehousing,False,384.8,4.1,,
202201,14,2022-01,Transportation and warehousing,False,388.6,3.8,44.8,13.0
202202,14,2022-02,Transportation and warehousing,False,395.7,7.1,40.5,11.4
202203,14,2022-03,Transportation and warehousing,False,379.2,-16.5,20.3,5.7
202204,14,2022-04,Transportation and warehousing,False,378.2,-1.0,21.6,6.1
202205,14,2022-05,Transportation and warehousing,False,379.2,1.0,14.8,4.1
202206,14,2022-06,Transportation and warehousing,False,375.6,-3.6,14.9,4.1
202207,14,2022-07,Transportation and warehousing,False,383.0,7.4,23.0,6.4
202208,14,2022-08,Transportation and warehousing,False,380.7,-2.3,15.1,4.1
202209,14,2022-09,Transportation and warehousing,False,373.9,-6.8,-1.1,-0.3
202210,14,2022-10,Transportation and warehousing,False,375.4,1.5,1.4,0.4
202211,14,2022-11,Transportation and warehousing,False,376.0,0.6,-4.7,-1.2
202212,14,2022-12,Transportation and warehousing,False,384.1,8.1,-0.7,-0.2
202301,14,2023-01,Transportation and warehousing,False,381.5,-2.6,-7.1,-1.8
202302,14,2023-02,Transportation and warehousing,False,373.3,-8.2,-22.4,-5.7
202303,14,2023-03,Transportation and warehousing,False,387.1,13.8,7.9,2.1
202304,14,2023-04,Transportation and warehousing,False,406.5,19.4,28.3,7.5
202305,14,2023-05,Transportation and warehousing,False,395.0,-11.5,15.8,4.2
202306,14,2023-06,Transportation and warehousing,False,407.2,12.2,31.6,8.4
202307,14,2023-07,Transportation and warehousing,False,401.1,-6.1,18.1,4.7
202308,14,2023-08,Transportation and warehousing,False,399.5,-1.6,18.8,4.9
202309,14,2023-09,Transportation and warehousing,False,412.0,12.5,38.1,10.2
202310,14,2023-10,Transportation and warehousing,False,418.6,6.6,43.2,11.5
202311,14,2023-11,Transportation and warehousing,False,422.5,3.9,46.5,12.4
202312,14,2023-12,Transportation and warehousing,False,419.9,-2.6,35.8,9.3
202401,14,2024-01,Transportation and warehousing,False,415.2,-4.7,33.7,8.8
202402,14,2024-02,Transportation and warehousing,False,425.2,10.0,51.9,13.9
202403,14,2024-03,Transportation and warehousing,False,433.6,8.4,46.5,12.0
202404,14,2024-04,Transportation and warehousing,False,435.3,1.7,28.8,7.1
202405,14,2024-05,Transportation and warehousing,False,424.6,-10.7,29.6,7.5
202406,14,2024-06,Transportation and warehousing,False,417.7,-6.9,10.5,2.6
202407,14,2024-07,Transportation and warehousing,False,425.9,8.2,24.8,6.2
202408,14,2024-08,Transportation and warehousing,False,425.3,-0.6,25.8,6.5
202409,14,2024-09,Transportation and warehousing,False,425.0,-0.3,13.0,3.2
202410,14,2024-10,Transportation and warehousing,False,412.5,-12.5,-6.1,-1.5
202411,14,2024-11,Transportation and warehousing,False,405.4,-7.1,-17.1,-4.0
202412,14,2024-12,Transportation and warehousing,False,409.3,3.9,-10.6,-2.5
202501,14,2025-01,Transportation and warehousing,False,414.1,4.8,-1.1,-0.3
202502,14,2025-02,Transportation and warehousing,False,405.8,-8.3,-19.4,-4.6
202503,14,2025-03,Transportation and warehousing,False,403.2,-2.6,-30.4,-7.0
202504,14,2025-04,Transportation and warehousing,False,400.7,-2.5,-34.6,-7.9
202505,14,2025-05,Transportation and warehousing,False,402.3,1.6,-22.3,-5.3
202506,14,2025-06,Transportation and warehousing,False,405.2,2.9,-12.5,-3.0
202507,14,2025-07,Transportation and warehousing,False,421.0,15.8,-4.9,-1.2
202508,14,2025-08,Transportation and warehousing,False,418.5,-2.5,-6.8,-1.6
202509,14,2025-09,Transportation and warehousing,False,419.2,0.7,-5.8,-1.4
202510,14,2025-10,Transportation and warehousing,False,435.0,15.8,22.5,5.5
202511,14,2025-11,Transportation and warehousing,False,443.4,8.4,38.0,9.4
202512,14,2025-12,Transportation and warehousing,False,444.7,1.3,35.4,8.6
202601,14,2026-01,Transportation and warehousing,False,440.0,-4.7,25.9,6.3
202602,14,2026-02,Transportation and warehousing,False,446.9,6.9,41.1,10.1
202603,14,2026-03,Transportation and warehousing,False,444.3,-2.6,41.1,10.2
202604,14,2026-04,Transportation and warehousing,False,441.3,-3.0,40.6,10.1
202101,15,2021-01,Utilities,False,49.2,,,
202102,15,2021-02,Utilities,False,51.4,2.2,,
202103,15,2021-03,Utilities,False,52.1,0.7,,
202104,15,2021-04,Utilities,False,51.8,-0.3,,
202105,15,2021-05,Utilities,False,50.4,-1.4,,
202106,15,2021-06,Utilities,False,49.0,-1.4,,
202107,15,2021-07,Utilities,False,57.6,8.6,,
202108,15,2021-08,Utilities,False,53.7,-3.9,,
202109,15,2021-09,Utilities,False,54.8,1.1,,
202110,15,2021-10,Utilities,False,59.1,4.3,,
202111,15,2021-11,Utilities,False,53.5,-5.6,,
202112,15,2021-12,Utilities,False,58.7,5.2,,
202201,15,2022-01,Utilities,False,60.4,1.7,11.2,22.8
202202,15,2022-02,Utilities,False,57.6,-2.8,6.2,12.1
202203,15,2022-03,Utilities,False,59.5,1.9,7.4,14.2
202204,15,2022-04,Utilities,False,62.8,3.3,11.0,21.2
202205,15,2022-05,Utilities,False,61.8,-1.0,11.4,22.6
202206,15,2022-06,Utilities,False,63.0,1.2,14.0,28.6
202207,15,2022-07,Utilities,False,58.9,-4.1,1.3,2.3
202208,15,2022-08,Utilities,False,61.8,2.9,8.1,15.1
202209,15,2022-09,Utilities,False,61.7,-0.1,6.9,12.6
202210,15,2022-10,Utilities,False,63.4,1.7,4.3,7.3
202211,15,2022-11,Utilities,False,62.4,-1.0,8.9,16.6
202212,15,2022-12,Utilities,False,60.7,-1.7,2.0,3.4
202301,15,2023-01,Utilities,False,60.8,0.1,0.4,0.7
202302,15,2023-02,Utilities,False,63.5,2.7,5.9,10.2
202303,15,2023-03,Utilities,False,64.5,1.0,5.0,8.4
202304,15,2023-04,Utilities,False,63.7,-0.8,0.9,1.4
202305,15,2023-05,Utilities,False,68.3,4.6,6.5,10.5
202306,15,2023-06,Utilities,False,64.7,-3.6,1.7,2.7
202307,15,2023-07,Utilities,False,65.7,1.0,6.8,11.5
202308,15,2023-08,Utilities,False,66.6,0.9,4.8,7.8
202309,15,2023-09,Utilities,False,64.8,-1.8,3.1,5.0
202310,15,2023-10,Utilities,False,62.3,-2.5,-1.1,-1.7
202311,15,2023-11,Utilities,False,62.7,0.4,0.3,0.5
202312,15,2023-12,Utilities,False,64.6,1.9,3.9,6.4
202401,15,2024-01,Utilities,False,60.9,-3.7,0.1,0.2
202402,15,2024-02,Utilities,False,61.8,0.9,-1.7,-2.7
202403,15,2024-03,Utilities,False,57.8,-4.0,-6.7,-10.4
202404,15,2024-04,Utilities,False,55.6,-2.2,-8.1,-12.7
202405,15,2024-05,Utilities,False,57.1,1.5,-11.2,-16.4
202406,15,2024-06,Utilities,False,56.6,-0.5,-8.1,-12.5
202407,15,2024-07,Utilities,False,62.1,5.5,-3.6,-5.5
202408,15,2024-08,Utilities,False,60.2,-1.9,-6.4,-9.6
202409,15,2024-09,Utilities,False,62.2,2.0,-2.6,-4.0
202410,15,2024-10,Utilities,False,59.9,-2.3,-2.4,-3.9
202411,15,2024-11,Utilities,False,58.7,-1.2,-4.0,-6.4
202412,15,2024-12,Utilities,False,62.5,3.8,-2.1,-3.3
202501,15,2025-01,Utilities,False,64.6,2.1,3.7,6.1
202502,15,2025-02,Utilities,False,59.0,-5.6,-2.8,-4.5
202503,15,2025-03,Utilities,False,66.5,7.5,8.7,15.1
202504,15,2025-04,Utilities,False,68.4,1.9,12.8,23.0
202505,15,2025-05,Utilities,False,69.4,1.0,12.3,21.5
202506,15,2025-06,Utilities,False,68.5,-0.9,11.9,21.0
202507,15,2025-07,Utilities,False,65.0,-3.5,2.9,4.7
202508,15,2025-08,Utilities,False,64.8,-0.2,4.6,7.6
202509,15,2025-09,Utilities,False,64.3,-0.5,2.1,3.4
202510,15,2025-10,Utilities,False,69.1,4.8,9.2,15.4
202511,15,2025-11,Utilities,False,69.4,0.3,10.7,18.2
202512,15,2025-12,Utilities,False,66.6,-2.8,4.1,6.6
202601,15,2026-01,Utilities,False,69.8,3.2,5.2,8.0
202602,15,2026-02,Utilities,False,68.6,-1.2,9.6,16.3
202603,15,2026-03,Utilities,False,70.0,1.4,3.5,5.3
202604,15,2026-04,Utilities,False,68.6,-1.4,0.2,0.3
202101,16,2021-01,Wholesale and retail trade,False,1021.0,,,
202102,16,2021-02,Wholesale and retail trade,False,1055.2,34.2,,
202103,16,2021-03,Wholesale and retail trade,False,1111.3,56.1,,
202104,16,2021-04,Wholesale and retail trade,False,1071.6,-39.7,,
202105,16,2021-05,Wholesale and retail trade,False,1034.1,-37.5,,
202106,16,2021-06,Wholesale and retail trade,False,1089.9,55.8,,
202107,16,2021-07,Wholesale and retail trade,False,1129.9,40.0,,
202108,16,2021-08,Wholesale and retail trade,False,1108.3,-21.6,,
202109,16,2021-09,Wholesale and retail trade,False,1123.7,15.4,,
202110,16,2021-10,Wholesale and retail trade,False,1154.2,30.5,,
202111,16,2021-11,Wholesale and retail trade,False,1169.7,15.5,,
202112,16,2021-12,Wholesale and retail trade,False,1184.1,14.4,,
202201,16,2022-01,Wholesale and retail trade,False,1158.7,-25.4,137.7,13.5
202202,16,2022-02,Wholesale and retail trade,False,1167.3,8.6,112.1,10.6
202203,16,2022-03,Wholesale and retail trade,False,1170.4,3.1,59.1,5.3
202204,16,2022-04,Wholesale and retail trade,False,1163.4,-7.0,91.8,8.6
202205,16,2022-05,Wholesale and retail trade,False,1172.5,9.1,138.4,13.4
202206,16,2022-06,Wholesale and retail trade,False,1168.6,-3.9,78.7,7.2
202207,16,2022-07,Wholesale and retail trade,False,1160.3,-8.3,30.4,2.7
202208,16,2022-08,Wholesale and retail trade,False,1148.3,-12.0,40.0,3.6
202209,16,2022-09,Wholesale and retail trade,False,1142.9,-5.4,19.2,1.7
202210,16,2022-10,Wholesale and retail trade,False,1129.1,-13.8,-25.1,-2.2
202211,16,2022-11,Wholesale and retail trade,False,1125.0,-4.1,-44.7,-3.8
202212,16,2022-12,Wholesale and retail trade,False,1114.4,-10.6,-69.7,-5.9
202301,16,2023-01,Wholesale and retail trade,False,1129.4,15.0,-29.3,-2.5
202302,16,2023-02,Wholesale and retail trade,False,1151.1,21.7,-16.2,-1.4
202303,16,2023-03,Wholesale and retail trade,False,1145.3,-5.8,-25.1,-2.1
202304,16,2023-04,Wholesale and retail trade,False,1152.1,6.8,-11.3,-1.0
202305,16,2023-05,Wholesale and retail trade,False,1127.0,-25.1,-45.5,-3.9
202306,16,2023-06,Wholesale and retail trade,False,1142.3,15.3,-26.3,-2.3
202307,16,2023-07,Wholesale and retail trade,False,1147.2,4.9,-13.1,-1.1
202308,16,2023-08,Wholesale and retail trade,False,1158.1,10.9,9.8,0.9
202309,16,2023-09,Wholesale and retail trade,False,1146.0,-12.1,3.1,0.3
202310,16,2023-10,Wholesale and retail trade,False,1126.0,-20.0,-3.1,-0.3
202311,16,2023-11,Wholesale and retail trade,False,1120.4,-5.6,-4.6,-0.4
202312,16,2023-12,Wholesale and retail trade,False,1119.2,-1.2,4.8,0.4
202401,16,2024-01,Wholesale and retail trade,False,1137.9,18.7,8.5,0.8
202402,16,2024-02,Wholesale and retail trade,False,1127.2,-10.7,-23.9,-2.1
202403,16,2024-03,Wholesale and retail trade,False,1122.6,-4.6,-22.7,-2.0
202404,16,2024-04,Wholesale and retail trade,False,1133.6,11.0,-18.5,-1.6
202405,16,2024-05,Wholesale and retail trade,False,1137.3,3.7,10.3,0.9
202406,16,2024-06,Wholesale and retail trade,False,1123.1,-14.2,-19.2,-1.7
202407,16,2024-07,Wholesale and retail trade,False,1116.0,-7.1,-31.2,-2.7
202408,16,2024-08,Wholesale and retail trade,False,1106.5,-9.5,-51.6,-4.5
202409,16,2024-09,Wholesale and retail trade,False,1120.9,14.4,-25.1,-2.2
202410,16,2024-10,Wholesale and retail trade,False,1124.8,3.9,-1.2,-0.1
202411,16,2024-11,Wholesale and retail trade,False,1137.7,12.9,17.3,1.5
202412,16,2024-12,Wholesale and retail trade,False,1129.6,-8.1,10.4,0.9
202501,16,2025-01,Wholesale and retail trade,False,1123.8,-5.8,-14.1,-1.2
202502,16,2025-02,Wholesale and retail trade,False,1147.6,23.8,20.4,1.8
202503,16,2025-03,Wholesale and retail trade,False,1145.1,-2.5,22.5,2.0
202504,16,2025-04,Wholesale and retail trade,False,1131.2,-13.9,-2.4,-0.2
202505,16,2025-05,Wholesale and retail trade,False,1159.2,28.0,21.9,1.9
202506,16,2025-06,Wholesale and retail trade,False,1165.5,6.3,42.4,3.8
202507,16,2025-07,Wholesale and retail trade,False,1155.1,-10.4,39.1,3.5
202508,16,2025-08,Wholesale and retail trade,False,1163.5,8.4,57.0,5.2
202509,16,2025-09,Wholesale and retail trade,False,1151.4,-12.1,30.5,2.7
202510,16,2025-10,Wholesale and retail trade,False,1165.8,14.4,41.0,3.6
202511,16,2025-11,Wholesale and retail trade,False,1146.9,-18.9,9.2,0.8
202512,16,2025-12,Wholesale and retail trade,False,1149.6,2.7,20.0,1.8
202601,16,2026-01,Wholesale and retail trade,False,1149.1,-0.5,25.3,2.3
202602,16,2026-02,Wholesale and retail trade,False,1143.8,-5.3,-3.8,-0.3
202603,16,2026-03,Wholesale and retail trade,False,1129.4,-14.4,-15.7,-1.4
202604,16,2026-04,Wholesale and retail trade,False,1130.9,1.5,-0.3,-0.0
